,Nº,NJ,Denominación,"%
Producción
Total","Cantidad
de
Juicios ","%
(Créditos/
Activos)","%
[(Dispon.+ Invers.) /
Deudas c/Aseg.]","%
[(Dispon.+ Invers. + Inmuebles) /
Deudas c/Aseg.]","%
[(Dispon.+ Invers.+ Inmueb.) /
(Deudas c/Aseg.+ Comp.Técn.)]","% 
(Inversiones + Inmuebles) /
Activos","%
Superávit /
Capital Requerido","[(Dispon.+ Invers.) /
Compromisos Exigibles]",Fecha,Categoría,% Mercado
0,1.0,A,ASOCIART ART,2.4047155836075063,32325.0,6.716666271060716,123.6596073131401,123.6596073131401,116.93210235612963,92.07019334107153,3.589956456321079,56.582875004387304,2018-06,Riesgos del Trabajo,9.46
1,2.0,A,BERKLEY ART,0.4101424070635753,2450.0,6.776975690264854,292.0230329475025,292.0230329475025,285.72560789622935,92.64440435709577,988.110009009086,21.601592371492877,2018-06,Riesgos del Trabajo,1.61
2,3.0,A,CAMINOS PROTEGIDOS ART,0.04857574009300187,2299.0,28.738972645677798,62.98066328582394,62.98066328582394,55.14605106654017,70.81809878532157,-393.35144404844937,27.90363015549525,2018-06,Riesgos del Trabajo,0.19
3,4.0,A,EXPERTA ART,3.1899570092926317,42216.0,4.464721179401436,132.59863728466388,133.41110404708198,120.4019645313355,94.64905885950242,67.53699824365536,51.689564197389444,2018-06,Riesgos del Trabajo,12.56
4,5.0,A,GALENO ART,3.435319238124072,65869.0,5.30879906502799,125.9731642523952,125.9731642523952,119.32343426230307,93.25569340466845,1.1010866467482117,38.51395115075261,2018-06,Riesgos del Trabajo,13.52
5,6.0,A,LIDERAR ART,0.13525889900432753,5079.0,23.255022450473923,84.44687012425739,84.44687012425739,84.44687012425739,76.38968816418081,-340.1454845897507,0.0,2018-06,Riesgos del Trabajo,0.53
6,7.0,C,MUTUAL PETROLEROS ART,0.0026746186217552178,0.0,0.3655934764340221,0.0,0.0,806.1676620266218,97.39011465346753,14.901394285714286,488.121091698228,2018-06,Riesgos del Trabajo,0.01
7,8.0,A,OMINT ART,0.5713534041025894,4890.0,7.379504732576544,130.27393546191647,130.27393546191647,116.46058568512395,89.0881423547362,7.771077697643777,24.805444560923878,2018-06,Riesgos del Trabajo,2.25
8,9.0,A,PREVENCIÓN ART,5.634340701644067,37433.0,5.494918040344065,139.3744192742501,139.39500706601316,129.63449029566914,89.70218175618923,40.072997116679396,17.53054871737422,2018-06,Riesgos del Trabajo,22.18
9,10.0,A,PROVINCIA ART,5.363174751892662,68551.0,7.789440713210014,105.98451778169449,105.98451778169449,101.08021778282396,91.45866009433445,-37.77246838362733,12.231626418570404,2018-06,Riesgos del Trabajo,21.11
10,11.0,A,RECONQUISTA ART,0.07292231745660147,1007.0,2.371858946430543,135.56895866305555,135.56895866305555,126.82924666945038,94.67009747516583,83.31127904719087,198.77156973503722,2018-06,Riesgos del Trabajo,0.29
11,12.0,A,SEGUNDA ART,2.1253613363896777,28379.0,4.717776238937725,128.6807138538722,128.6807138538722,125.22277928739068,93.73922798503853,21.084625272512046,86.06465649949905,2018-06,Riesgos del Trabajo,8.37
12,13.0,A,SWISS MEDICAL ART,2.013172558543359,36762.0,10.407230384811953,119.42001026239726,119.42001026239726,115.15966990927336,89.17368290055872,1.7900113992495272,25.403156784047766,2018-06,Riesgos del Trabajo,7.92
13,1.0,A,ASOCIART ART,2.4419713250071933,32540.0,6.732227739219914,128.20672947013657,128.20672947013657,126.06246795941306,91.99317475931821,65.21044132991594,54.66736240829627,2018-03,Riesgos del Trabajo,9.37
14,2.0,A,BERKLEY ART,0.4266970331180392,2495.0,6.824452161773381,267.40129930849605,267.40129930849605,261.41941409012827,92.51582256423441,797.1710353935883,19.68375276564862,2018-03,Riesgos del Trabajo,1.64
15,3.0,A,CAMINOS PROTEGIDOS ART,0.055564680912384964,2204.0,20.53078332775445,74.68825325937642,74.68825325937642,69.62247984898256,79.03694690446889,-278.6869391369445,47.57625118866696,2018-03,Riesgos del Trabajo,0.21
16,4.0,A,EXPERTA ART,3.2775002620862885,42793.0,4.483635568336693,121.99362833999355,123.0746493603194,120.57864730847965,94.70485863397293,44.609025935895204,45.54624143395061,2018-03,Riesgos del Trabajo,12.58
17,5.0,A,GALENO ART,3.548586127353616,71330.0,4.757651163979583,122.05946158901043,122.05946158901043,119.58210042697517,94.06607472068274,0.00011592173419992235,52.27938011766158,2018-03,Riesgos del Trabajo,13.62
18,6.0,A,LIDERAR ART,0.16613137042804368,4940.0,18.06251444528111,128.34242384146154,128.34242384146154,122.81441012185199,78.81898538404137,-100.49918635787219,0.0,2018-03,Riesgos del Trabajo,0.64
19,7.0,C,MUTUAL PETROLEROS ART,0.0018920463159676215,0.0,0.5591211335372743,0.0,0.0,0.0,97.60969674484807,22.418047619047616,0.0,2018-03,Riesgos del Trabajo,0.01
20,8.0,A,OMINT ART,0.5804144895721591,4441.0,6.553617323264323,124.17716621366517,124.17716621366517,120.73037211829207,90.97083505328004,2.428561268991122,19.986620763113656,2018-03,Riesgos del Trabajo,2.23
21,9.0,A,PREVENCIÓN ART,5.741052246620147,38908.0,6.118384952089205,132.54739156729823,132.56863304028707,133.54199085600698,91.81518779989905,79.67520779922211,22.20415981854232,2018-03,Riesgos del Trabajo,22.04
22,10.0,A,PROVINCIA ART,5.489290867147271,68023.0,7.794462675325514,106.9791763999253,106.9791763999253,104.98312801132886,91.08511281612252,-44.432395542707766,13.188507269157254,2018-03,Riesgos del Trabajo,21.07
23,11.0,A,RECONQUISTA ART,0.07534791178366294,1012.0,2.337783438633457,130.2882787876567,130.2882787876567,123.65754007433758,95.50448404047528,60.29002316614059,272.4139916513705,2018-03,Riesgos del Trabajo,0.29
24,12.0,A,SEGUNDA ART,2.168195923908297,29729.0,4.527811526588342,130.1256393069316,130.1256393069316,127.1459250307787,93.53860006861555,29.18155457045409,77.24306874716613,2018-03,Riesgos del Trabajo,8.32
25,13.0,A,SWISS MEDICAL ART,2.0776730103516603,37173.0,10.685924381722172,117.7939912772811,117.7939912772811,117.907557366666,88.76823810845269,4.437787266763621,37.12288274470525,2018-03,Riesgos del Trabajo,7.98
26,1.0,A,ASOCIART ART,2.36374052812353,32726.0,7.00553605404389,123.44834720775056,123.44834720775056,118.39762032069352,91.6475030214551,25.7197319034455,53.4685432479137,2017-12,Riesgos del Trabajo,9.3
27,2.0,A,BERKLEY ART,0.421965515140852,2492.0,6.56356047391115,270.3653934472366,270.3653934472366,263.76468408452,92.7066404551056,751.148798745921,18.6625263979578,2017-12,Riesgos del Trabajo,1.66
28,3.0,A,CAMINOS PROTEGIDOS ART,0.0571049173644072,2272.0,16.7551967821485,83.0767603948572,83.0767603948572,78.74636472938832,82.9615254313549,-211.449155844278,27.735759877282,2017-12,Riesgos del Trabajo,0.22
29,4.0,A,EXPERTA ART,3.21009881415522,43870.0,4.56133403135213,122.73496659985199,124.14313712137077,121.00794635553346,94.5993773215935,27.9220551050861,57.391549109994,2017-12,Riesgos del Trabajo,12.63
30,5.0,A,GALENO ART,3.52188664977317,69486.0,4.97599252983463,122.35785657938108,122.35785657938108,119.59810417187575,93.7983349483503,0.000653945042454368,76.288535136846,2017-12,Riesgos del Trabajo,13.86
31,6.0,A,LIDERAR ART,0.187377754770294,4814.0,17.7591864353102,154.1394200248103,154.1394200248103,154.01295849982148,79.0891425960746,0.140795097280988,0.0,2017-12,Riesgos del Trabajo,0.74
32,7.0,C,MUTUAL PETROLEROS ART,0.000745997929800693,0.0,0.10941165795845,0.0,0.0,0.0,96.2899275724618,6.246525,0.0,2017-12,Riesgos del Trabajo,0.0
33,8.0,A,OMINT ART,0.568121331460849,4019.0,6.778461915283,134.77046815070673,134.77046815070673,129.46856727045343,91.6077790602272,0.486877840548074,23.7591796868443,2017-12,Riesgos del Trabajo,2.24
34,9.0,A,PREVENCIÓN ART,5.54111484232009,38292.0,6.99644002700387,130.08930191993835,130.08930191993835,129.94800599168295,90.4494980601751,54.4784307718875,28.3599281718467,2017-12,Riesgos del Trabajo,21.8
35,10.0,A,PROVINCIA ART,5.31359768190219,68591.0,8.88718156853607,106.11327897988487,106.11327897988487,100.16009829351049,89.5507468804918,-59.6242725446254,16.3166440463292,2017-12,Riesgos del Trabajo,20.91
36,11.0,A,RECONQUISTA ART,0.0749925455218118,998.0,2.61851064516024,131.13585718824447,131.13585718824447,124.94461307959703,92.642671519844,67.4876737613492,126.158208681709,2017-12,Riesgos del Trabajo,0.3
37,12.0,A,SEGUNDA ART,2.10741343491213,29761.0,4.62297847768589,129.4895936908955,129.4895936908955,126.20928098894608,93.1244186805361,24.7864879968131,73.4165859101466,2017-12,Riesgos del Trabajo,8.29
38,13.0,A,SWISS MEDICAL ART,2.04482793249671,36338.0,11.6741033305802,118.14390981042217,118.14390981042217,117.44325624698713,87.5341407976779,0.408617655192111,28.0022954199138,2017-12,Riesgos del Trabajo,8.05
39,1.0,A,ASOCIART ART,2.52788115586317,33040.0,6.52584250804152,125.422745957579,125.422745957579,119.839412312712,92.1176022028224,32.4230500144977,60.5624294921344,2017-09,Riesgos del Trabajo,9.42
40,2.0,A,BERKLEY ART,0.440024972035057,2601.0,6.69757854774435,273.097544542325,273.097544542325,265.934288251449,92.5519692708486,724.283918292071,18.183328311627,2017-09,Riesgos del Trabajo,1.64
41,3.0,A,CAMINOS PROTEGIDOS ART,0.0567181919786232,2117.0,14.3097835783959,93.1763905026249,93.1763905026249,89.1102164248879,84.6581901172885,-184.066567438761,19.6142580340486,2017-09,Riesgos del Trabajo,0.21
42,4.0,A,EXPERTA ART,3.36236690810479,46087.0,5.76071274264372,126.768256319396,126.768256319396,121.561389585929,93.3505335206447,10.5128052951947,58.5061775320439,2017-09,Riesgos del Trabajo,12.53
43,5.0,A,GALENO ART,3.81569906435477,69570.0,3.89937564020701,126.988894903535,126.988894903535,122.762902997297,95.009901306972,0.00011685601638209,37.3551588923909,2017-09,Riesgos del Trabajo,14.22
44,6.0,A,LIDERAR ART,0.216882748725087,4607.0,20.6059415988644,156.755898829701,156.755898829701,149.308708995629,69.4663395601167,0.0551101074312231,0.0,2017-09,Riesgos del Trabajo,0.81
45,7.0,C,MUTUAL PETROLEROS ART,0.0,0.0,0.0,0.0,0.0,0.0,61.8186040496951,-6.255395,0.0,2017-09,Riesgos del Trabajo,0.0
46,8.0,A,OMINT ART,0.596002823063024,3347.0,5.10747568132563,149.528807396787,149.528807396787,143.136348490592,93.55674645221,0.127957230430272,23.1283625392762,2017-09,Riesgos del Trabajo,2.22
47,9.0,A,PREVENCIÓN ART,5.79511700537975,38101.0,7.88719916573937,130.970056709692,130.970056709692,126.490309738191,89.1544915570978,2.19108433529623e-08,22.6860495518077,2017-09,Riesgos del Trabajo,21.59
48,10.0,A,PROVINCIA ART,5.53476472775752,66177.0,9.02398453385346,107.545099674295,107.545099674295,103.98286802083,89.5592276411632,-62.4578046513666,19.3480209850095,2017-09,Riesgos del Trabajo,20.62
49,11.0,A,RECONQUISTA ART,0.0787439373052865,969.0,2.19323134188195,129.718047708693,129.718047708693,124.338096967639,94.7711179403867,50.2481133294669,209.958140435674,2017-09,Riesgos del Trabajo,0.29
50,12.0,A,SEGUNDA ART,2.2349416200568,29339.0,5.26651055770982,128.098561271708,128.098561271708,124.426140423707,93.2784058429432,28.9710906145464,79.1028749426707,2017-09,Riesgos del Trabajo,8.33
51,13.0,A,SWISS MEDICAL ART,2.17730065149977,35972.0,10.122652627424,122.514722168036,122.514722168036,118.90330298687,89.3103522805138,-5.09947601318745e-08,30.4628290976518,2017-09,Riesgos del Trabajo,8.11
52,1.0,A,ASOCIART ART,2.53640092903687,32723.0,6.50096898849588,124.342023438534,124.342023438534,115.420966219113,92.0115944926705,0.050074275494801,58.7375694631583,2017-06,Riesgos del Trabajo,9.71
53,2.0,A,BERKLEY ART,0.435397101182247,2562.0,6.78662506774444,273.270811709054,273.270811709054,266.392439130646,92.4248313455938,731.306108807882,17.3491674177232,2017-06,Riesgos del Trabajo,1.67
54,3.0,A,CAMINOS PROTEGIDOS ART,0.114339095235733,1903.0,12.3601028049652,105.706305556996,105.706305556996,101.470402816243,86.7772356740679,-91.1359888019938,49.6845809541573,2017-06,Riesgos del Trabajo,0.44
55,4.0,A,EXPERTA ART,3.43833065076251,46617.0,6.6305982984211,124.794032438168,124.794032438168,119.787941859018,92.4764992329854,4.24329331732786,39.9664110492324,2017-06,Riesgos del Trabajo,13.17
56,5.0,A,GALENO ART,4.21996288707767,71701.0,4.61655340296004,126.003385009999,126.003385009999,121.767120571932,93.9166222779218,0.000106236876791327,25.0325124323941,2017-06,Riesgos del Trabajo,16.16
57,6.0,A,LIDERAR ART,0.211880283332781,4459.0,17.2797356049426,155.88744363831,155.88744363831,148.073549263036,59.9668581344942,0.0495845382451332,0.0,2017-06,Riesgos del Trabajo,0.81
58,7.0,C,MUTUAL PETROLEROS ART,0.0,0.0,0.0,0.0,0.0,0.0,0.0,8.11671333333333,0.0,2017-06,Riesgos del Trabajo,0.0
59,8.0,A,OMINT ART,0.635072065307785,2673.0,4.79922010729005,153.608717768437,153.608717768437,147.263724902797,94.0159826395312,0.469692332196843,23.4690733578337,2017-06,Riesgos del Trabajo,2.43
60,9.0,A,PREVENCIÓN ART,5.42129830511772,36800.0,8.06137134174048,127.956104576874,127.956104576874,123.693246852444,88.6947220860778,1.62130161116602e-08,26.5944163506329,2017-06,Riesgos del Trabajo,20.76
61,10.0,A,PROVINCIA ART,4.95371551247151,61791.0,8.63020922934259,106.240277527865,106.240277527865,101.414802522345,90.5820180384005,-66.268613050063,14.8090869236962,2017-06,Riesgos del Trabajo,18.97
62,11.0,A,RECONQUISTA ART,0.0751479651084302,955.0,2.29431703469633,127.621782293631,127.621782293631,122.859268700112,94.0318883174726,51.1614649427238,446.235871431397,2017-06,Riesgos del Trabajo,0.29
63,12.0,A,SEGUNDA ART,2.11251519592074,28527.0,5.2668723459667,124.978389378351,124.978389378351,121.092018245179,92.2622522731766,19.7734803740331,78.7111585479373,2017-06,Riesgos del Trabajo,8.09
64,13.0,A,SWISS MEDICAL ART,1.95731620308317,36207.0,8.11417364238364,123.580580618137,123.580580618137,119.667469199767,91.279744739208,4.70525003480397e-08,31.5195416662164,2017-06,Riesgos del Trabajo,7.5
65,1.0,A,ASOCIART ART,2.55166977761454,33116.0,6.54555365942612,128.569369484265,128.569369484265,124.213925857128,92.1038986152333,62.7822430611842,49.7957926412118,2017-03,Riesgos del Trabajo,9.7
66,2.0,A,BERKLEY ART,0.441448792733985,2562.0,7.00446639978139,277.020562495393,277.020562495393,268.768935768009,92.1447676748925,680.360354250351,18.1809873085461,2017-03,Riesgos del Trabajo,1.68
67,3.0,A,CAMINOS PROTEGIDOS ART,0.11734615112361,1677.0,11.5662159276172,105.694044088713,105.694044088713,100.60449816532,65.7488891207725,-83.4945883038511,13.8199369531884,2017-03,Riesgos del Trabajo,0.45
68,4.0,A,EXPERTA ART,3.49599515379274,47714.0,6.57767405028159,126.467309091273,126.467309091273,120.997814299722,92.6700401005818,20.4361453295157,38.8014639533197,2017-03,Riesgos del Trabajo,13.28
69,5.0,A,GALENO ART,4.36939286946839,73441.0,5.6226348330521,125.166635908988,125.166635908988,121.20960956666,92.4459506194778,3.57129103780476e-05,22.7922779509411,2017-03,Riesgos del Trabajo,16.6
70,6.0,A,LIDERAR ART,0.210829357243046,4770.0,16.2448111082058,152.73876873832,152.73876873832,144.741127580816,71.6704391953867,0.771726189868638,0.0,2017-03,Riesgos del Trabajo,0.8
71,7.0,A,OMINT ART,0.645062259971157,1911.0,4.93850838291618,138.834835423824,138.834835423824,133.999886305316,93.7099122958091,-10.2020889893545,33.8045345396669,2017-03,Riesgos del Trabajo,2.45
72,8.0,A,PREVENCIÓN ART,5.41390875402319,35978.0,8.5368451991809,132.134008247496,132.134008247496,127.807438194174,87.8637336737411,3.75960652749746e-09,21.7663529760798,2017-03,Riesgos del Trabajo,20.57
73,9.0,A,PROVINCIA ART,4.92230218688053,56956.0,9.20200117985232,106.135829633676,106.135829633676,102.097989866609,89.9544617549766,-64.5248170107075,17.0080129332961,2017-03,Riesgos del Trabajo,18.7
74,10.0,A,RECONQUISTA ART,0.0757746055255947,883.0,2.22690151516564,127.245153391152,127.245153391152,121.892946054787,88.5717219295023,40.9578852546323,891.994210801165,2017-03,Riesgos del Trabajo,0.29
75,11.0,A,SEGUNDA ART,2.10492530950007,28472.0,5.9243356207738,134.111103162241,134.111103162241,129.6250607936,92.7155481181298,35.9492745720991,89.9210796797936,2017-03,Riesgos del Trabajo,8.0
76,12.0,A,SWISS MEDICAL ART,1.96922252009416,34981.0,9.77815401791158,121.304776452607,121.304776452607,116.915541957139,89.7613626087151,7.02489064922678e-08,44.9779071929037,2017-03,Riesgos del Trabajo,7.48
77,1.0,A,ASOCIART ART,2.45819245860848,32630.0,6.63064715490644,124.082830326851,124.082830326851,117.970805589259,91.7068609034247,15.7395354619274,45.6140446860428,2016-12,Riesgos del Trabajo,9.7
78,2.0,A,BERKLEY ART,0.427195248136699,2354.0,6.99408934634902,285.994140768455,285.994140768455,276.552900083883,92.0051493479046,715.65071851716,16.9782064022633,2016-12,Riesgos del Trabajo,1.69
79,3.0,A,CAMINOS PROTEGIDOS ART,0.108400742351082,1523.0,7.80978358592237,116.012266603066,116.012266603066,110.634278116556,78.991340908237,-12.744694880022,46.9597244962524,2016-12,Riesgos del Trabajo,0.43
80,4.0,A,EXPERTA,3.35863602941499,46155.0,7.32610150560496,123.562475775266,123.562475775266,118.068744245855,91.6663634108136,1.25680128987829,27.3840537098408,2016-12,Riesgos del Trabajo,13.25
81,5.0,A,GALENO ART,4.41472936102043,77225.0,5.93737551712524,124.87796651291,124.87796651291,120.900946334586,92.7001587806134,4.74169694395295e-07,37.6040159644207,2016-12,Riesgos del Trabajo,17.42
82,6.0,A,LIDERAR ART,0.202120273979641,5165.0,17.4986518551858,151.669123848317,151.669123848317,142.806785339654,80.9404760358051,0.464146907258598,0.0,2016-12,Riesgos del Trabajo,0.8
83,7.0,A,OMINT ART,0.611584261656219,1300.0,4.75214378608025,130.415094970246,130.415094970246,126.37314926843,94.2671339460759,-25.0094603829667,36.1775665729172,2016-12,Riesgos del Trabajo,2.41
84,8.0,A,PREVENCIÓN ART,5.1804395237774,34445.0,8.63638995778132,131.679511293884,131.679511293884,127.19626468001,86.9553637034826,-1.36970049086468e-08,20.0911297433615,2016-12,Riesgos del Trabajo,20.44
85,9.0,A,PROVINCIA ART,4.62605930041254,53041.0,9.42776449052942,104.258581031908,104.258581031908,98.3788887304482,89.5956727022369,-80.1473952660393,12.9076748077775,2016-12,Riesgos del Trabajo,18.25
86,10.0,A,RECONQUISTA ART,0.0734540155525624,840.0,1.71685736551731,130.474724792232,130.474724792232,123.344135790279,84.6174213786344,31.54548,202.446033604962,2016-12,Riesgos del Trabajo,0.29
87,11.0,A,SEGUNDA ART,1.98990966603365,27508.0,6.78301251722321,120.203827732299,120.203827732299,116.471644724346,91.5683358906761,2.2817082580976,67.3856500286866,2016-12,Riesgos del Trabajo,7.85
88,12.0,A,SWISS MEDICAL ART,1.89858786217175,33496.0,9.48181487519901,120.780673481611,120.780673481611,116.189534412396,89.8280795518285,-3.24735708994743e-08,37.8231636238863,2016-12,Riesgos del Trabajo,7.49
89,116.0,A,ASOCIART ART,2.52216439506948,32292.0,6.25691486810347,125.767494529135,125.767494529135,117.775220881639,92.0970627830607,17.3775191755067,39.0913957220645,2016-09,Riesgos del Trabajo,9.68
90,117.0,A,BERKLEY ART,0.446035431534168,2329.0,6.37171724276527,291.655807307715,291.655807307715,280.628257986661,92.7439783942137,714.224948812587,51.3733880249377,2016-09,Riesgos del Trabajo,1.71
91,118.0,A,CAMINOS PROTEGIDOS ART,0.0786203004109062,1413.0,7.94220889884559,110.389716646758,110.389716646758,106.554545875069,86.3625588630976,-41.5180738418734,15.0861862366564,2016-09,Riesgos del Trabajo,0.3
92,119.0,A,EXPERIENCIA ART,3.43422613819357,41765.0,6.48917139644379,125.665836423206,125.665836423206,120.097871730891,92.6387263369265,5.96165944191798,31.4350299604173,2016-09,Riesgos del Trabajo,13.18
93,120.0,A,GALENO ART,4.78191502991869,74123.0,4.26179699418862,131.906106888759,131.906106888759,128.017197176084,94.4104101139799,2.26172516529042e-05,24.4205560700687,2016-09,Riesgos del Trabajo,18.35
94,121.0,A,LIDERAR ART,0.201424348706446,5091.0,17.9114658001277,151.575743207286,151.575743207286,141.553661242172,69.131509106307,0.691402342723184,0.0,2016-09,Riesgos del Trabajo,0.77
95,122.0,A,OMINT ART,0.614210942719898,793.0,3.4906548470478,126.907295056357,126.907295056357,123.504214291879,95.683952656674,17.9934651631699,49.4401842185889,2016-09,Riesgos del Trabajo,2.36
96,123.0,A,PREVENCIÓN ART,5.27315182094557,34627.0,8.70448314998523,133.982909199234,133.982909199234,129.339434708852,87.3722120606414,-5.29033896306725e-08,16.1799409051722,2016-09,Riesgos del Trabajo,20.23
97,124.0,A,PROVINCIA ART,4.68814976120014,49686.0,10.348044234777,105.546265382551,105.546265382551,99.8229683591791,87.8649613527237,-93.0051904082005,13.5871674018262,2016-09,Riesgos del Trabajo,17.99
98,125.0,A,RECONQUISTA ART,0.0745476442890085,786.0,1.88963983284014,130.505428711127,130.505428711127,123.769583206182,95.9190308948675,35.9327066666667,169.478586712147,2016-09,Riesgos del Trabajo,0.29
99,126.0,A,SEGUNDA ART ,1.99365996948637,26612.0,6.20055828575722,121.462947928389,121.462947928389,117.725545301011,91.0416161730553,-1.59596145237142e-08,55.2181293358827,2016-09,Riesgos del Trabajo,7.65
100,127.0,A,SWISS MEDICAL ART,1.9531011708274,31448.0,9.34535173519562,123.910167498959,123.910167498959,117.703906543906,90.0728258263599,1.90377624649678e-08,26.6939455999271,2016-09,Riesgos del Trabajo,7.49
101,1.0,A,ASOCIART ART,2.58644977386249,31329.0,6.35410832693192,131.426382737447,131.426382737447,115.845104014407,91.7211188959813,9.41232825260792e-05,30.1182020784489,2016-06,Riesgos del Trabajo,10.13
102,2.0,A,BERKLEY ART,0.447088658539283,2380.0,6.67626232987244,271.488595260379,271.488595260379,256.526986482744,92.2933688250292,911.28192290468,39.7872336403274,2016-06,Riesgos del Trabajo,1.75
103,3.0,A,CAMINOS PROTEGIDOS ART,0.149001492188512,1205.0,8.21564449136782,120.772288722515,120.772288722515,116.554339107547,81.9734488002793,-7.15571649877658e-07,26.2148369960084,2016-06,Riesgos del Trabajo,0.58
104,4.0,A,EXPERTA ART,3.63160446053464,38120.0,6.30690410003379,125.410058460826,125.410058460826,120.912043931965,92.800210143313,11.6678980774757,22.5529748312182,2016-06,Riesgos del Trabajo,14.22
105,5.0,A,GALENO ART,4.78852493802366,71547.0,4.29728279329989,125.282759038715,125.282759038715,121.646838695071,94.145075655498,5.04155307791706e-07,27.9708938463027,2016-06,Riesgos del Trabajo,18.75
106,6.0,A,LIDERAR ART,0.181772133280783,6779.0,15.0076665753411,152.099773722817,152.099773722817,138.888877935248,84.7287986021258,0.37370946125422,0.0,2016-06,Riesgos del Trabajo,0.71
107,7.0,A,OMINT ART,0.389531934705824,429.0,2.78025355073555,127.522301978695,127.522301978695,124.191471261328,96.1774263286014,15.8054322670725,53.000582722981,2016-06,Riesgos del Trabajo,1.53
108,8.0,A,PREVENCIÓN ART,5.16735688169868,33420.0,7.81840794670236,130.54906457094,130.54906457094,125.911740447963,88.5081700502601,3.79697840014013e-08,17.0614428154107,2016-06,Riesgos del Trabajo,20.23
109,9.0,A,PROVINCIA ART,4.41582941796989,44945.0,10.4406168619353,107.681879364739,107.681879364739,99.6011507845183,87.7417037428063,-96.9916704551177,12.5173980049273,2016-06,Riesgos del Trabajo,17.29
110,10.0,A,RECONQUISTA ART,0.068549664076558,723.0,0.575109980490841,135.509762429749,135.509762429749,126.352738152582,95.7722924923873,76.3697128184019,151.536532427219,2016-06,Riesgos del Trabajo,0.27
111,11.0,A,SEGUNDA ART ,1.90910884176399,25706.0,5.99206699689449,122.53088468601,122.53088468601,118.690901471742,91.1194380646667,8.98807994958084e-08,50.3001271964929,2016-06,Riesgos del Trabajo,7.47
112,12.0,A,SWISS MEDICAL ART,1.80659113690519,29156.0,8.34546378320923,123.98361354211,123.98361354211,118.226322246438,90.8563470206879,3.16667217336004e-09,17.2014409230144,2016-06,Riesgos del Trabajo,7.07
113,1.0,A,ASOCIART ART,2.627947953426,30139.0,6.69505765908139,143.546698493766,143.546698493766,136.016221717857,92.7304505916769,113.795782286276,33.5392238260845,2016-03,Riesgos del Trabajo,9.84
114,2.0,A,BERKLEY ART,0.453989615755648,2369.0,6.37868791392231,273.535462115387,273.535462115387,260.087899066617,91.4436732241326,881.562411716473,53.2376680553857,2016-03,Riesgos del Trabajo,1.7
115,3.0,A,CAMINOS PROTEGIDOS ART,0.147524672279912,1010.0,6.48956702892377,130.120871866725,130.120871866725,126.084321818623,83.2029062130765,37.3103405147049,39.7956007755916,2016-03,Riesgos del Trabajo,0.55
116,4.0,A,EXPERIENCIA ART,1.44371593723484,13114.0,4.84083262901066,142.734658048012,142.734658048012,139.341446797011,94.7789058397598,157.140105356365,30.5639328476017,2016-03,Riesgos del Trabajo,5.4
117,5.0,A,EXPERTA ART,2.3122147580442,22515.0,8.19831562952541,145.702975616512,145.702975616512,139.602163781311,90.243652781099,-84.3186114232533,22.8557705818437,2016-03,Riesgos del Trabajo,8.66
118,6.0,A,GALENO ART,4.91559465940021,67707.0,4.41818114528578,134.642996253586,134.642996253586,130.842981080334,94.4568221113288,32.4089619577598,36.4631922812917,2016-03,Riesgos del Trabajo,18.4
119,7.0,A,INTERACCIÓN ART,0.718775838136759,11474.0,45.4970516247563,140.610281071096,140.610281071096,88.3292696346177,49.1415522778771,-132.977854730651,1.45955191522269,2016-03,Riesgos del Trabajo,2.69
120,8.0,A,LIDERAR ART,0.185342421480595,7800.0,9.9552845587295,156.34695321895,156.34695321895,136.70209393191,89.0793227339697,19.5614958767883,0.0,2016-03,Riesgos del Trabajo,0.69
121,9.0,A,OMINT ART,0.343725127295826,222.0,3.1460649233639,128.106586677629,128.106586677629,124.818103266977,95.5668100623564,15.9989432929713,59.0860341747667,2016-03,Riesgos del Trabajo,1.29
122,10.0,A,PREVENCIÓN ART,5.24945744171157,33119.0,7.46685559152518,132.284615403471,132.284615403471,127.388670464199,89.8166985611237,25.8789123804463,17.3847110296072,2016-03,Riesgos del Trabajo,19.65
123,11.0,A,PROVINCIA ART,4.47845432624883,43896.0,16.5760011556906,102.53053649431,102.53053649431,97.409125023739,82.8757216830505,-108.130330176249,10.7976866719811,2016-03,Riesgos del Trabajo,16.77
124,12.0,A,RECONQUISTA ART,0.0687971787756267,699.0,0.782371922084814,135.718670067971,135.718670067971,125.394934840088,93.4005514393935,45.6229487835085,253.256646934107,2016-03,Riesgos del Trabajo,0.26
125,13.0,A,SEGUNDA ART ,1.93374824338923,25111.0,6.689132738138,134.453049748111,134.453049748111,129.253119859725,88.2051164152336,46.5711516134905,58.4140198311334,2016-03,Riesgos del Trabajo,7.24
126,14.0,A,SWISS MEDICAL ART,1.83351505468443,27108.0,8.51892875618967,131.005277565555,131.005277565555,126.315725254167,90.9032819724194,53.8073734617069,30.9809966553574,2016-03,Riesgos del Trabajo,6.86
127,1.0,A,ASOCIART ART,2.59537117934674,28511.0,6.19486211356241,144.999544508878,144.999544508878,136.56556923525,92.841989689784,98.0359377340299,40.4536103830328,2015-12,Riesgos del Trabajo,9.87
128,2.0,A,BERKLEY ART,0.447607600082215,2385.0,7.64864861504616,253.262554801864,253.262554801864,235.488600549179,89.9298256741402,741.679318881669,45.2714332203909,2015-12,Riesgos del Trabajo,1.7
129,3.0,A,CAMINOS PROTEGIDOS ART,0.151975423275896,899.0,9.5631527569888,127.370304608024,127.370304608024,123.317414035933,83.3369150896115,9.66527306325751,19.2086553039229,2015-12,Riesgos del Trabajo,0.58
130,4.0,A,EXPERIENCIA ART,1.43730424162462,13236.0,4.86395956218175,138.781017317612,138.781017317612,135.46131724218,94.7300645939966,150.662343623643,28.2451752162043,2015-12,Riesgos del Trabajo,5.46
131,5.0,A,EXPERTA ART,2.27061652691218,22577.0,8.25173097339978,144.430519750341,144.430519750341,137.993673087293,90.2117937309012,-88.7207000693573,26.5136760506621,2015-12,Riesgos del Trabajo,8.63
132,6.0,A,GALENO ART,4.85225153190255,64590.0,4.88908961509692,129.756490177881,129.756490177881,126.011649330301,93.9344858895133,16.4204206060411,39.8489835505204,2015-12,Riesgos del Trabajo,18.44
133,7.0,A,INTERACCIÓN ART,0.71559895344026,10946.0,12.3442072835945,187.963250036722,187.963250036722,165.797055174919,53.2275213992711,1.03263618472161,24.8206828426292,2015-12,Riesgos del Trabajo,2.72
134,8.0,A,LIDERAR ART,0.179116528137721,7702.0,4.59291247391054,154.829693008162,154.829693008162,145.280984230796,94.435797865414,52.3909884315647,0.0,2015-12,Riesgos del Trabajo,0.68
135,9.0,A,OMINT ART,0.258257847727747,120.0,3.29318469993461,128.072072616458,128.072072616458,124.702914960515,94.6772363935554,3.12878812408315,58.0559036255488,2015-12,Riesgos del Trabajo,0.98
136,10.0,A,PREVENCIÓN ART,5.14932575461143,32370.0,8.6964919394804,125.070334332563,125.070334332563,120.222256207978,88.0152330695247,-7.13588222885964,21.2708176596881,2015-12,Riesgos del Trabajo,19.57
137,11.0,A,PROVINCIA ART,4.46245955540314,41767.0,20.7294627787807,95.7751261068155,95.7751261068155,89.0149255796766,78.7158842682827,-160.030949504278,10.9081067798894,2015-12,Riesgos del Trabajo,16.96
138,12.0,A,RECONQUISTA ART,0.0672497805485596,656.0,0.559084321562317,137.584857314416,137.584857314416,126.6678128996,95.8472190512075,40.248261513365,185.85905284184,2015-12,Riesgos del Trabajo,0.26
139,13.0,A,SEGUNDA ART ,1.89777221652168,24488.0,7.18556365825713,133.352935854694,133.352935854694,127.86613263685,90.0560164300693,23.0166696426647,46.404084446983,2015-12,Riesgos del Trabajo,7.21
140,14.0,A,SWISS MEDICAL ART,1.82186530936327,25325.0,8.70041331329893,125.659326792297,125.659326792297,120.872037264911,89.9511140484651,18.6271249335468,33.6752349246717,2015-12,Riesgos del Trabajo,6.93
141,1.0,A,ASOCIART ART,2.75705882429138,26603.0,6.93488793094164,133.935134046481,133.935134046481,128.075749295903,92.2319612572935,43.8014628708177,32.5632004714054,2015-09,Riesgos del Trabajo,10.07
142,2.0,A,BERKLEY ART,0.470901061382499,2441.0,8.80065185911079,205.683322613272,205.683322613272,188.390251263508,89.4886249146623,388.195533893785,56.1396106511896,2015-09,Riesgos del Trabajo,1.72
143,3.0,A,CAMINOS PROTEGIDOS ART,0.134798555728613,738.0,8.40105529091638,127.184541812225,127.184541812225,123.229270103823,87.2749337247999,2.05668670850445,16.7463771994079,2015-09,Riesgos del Trabajo,0.49
144,4.0,A,EXPERTA ART,2.34401910132443,22289.0,7.91574190662206,143.034515385144,143.034515385144,137.805044602908,90.8286814180772,-88.6797086147297,31.9980013435123,2015-09,Riesgos del Trabajo,8.56
145,5.0,A,GALENO ART,5.07200221980414,62428.0,5.30710419134553,127.746489312951,127.746489312951,124.033183312803,93.3654219229163,0.625715283690349,36.8332073725085,2015-09,Riesgos del Trabajo,18.52
146,6.0,A,INTERACCIÓN ART,0.756983808505005,10038.0,10.1972373962022,186.625437621757,186.625437621757,164.0050447537,65.9238031559593,0.237387928463226,26.338373322878,2015-09,Riesgos del Trabajo,2.76
147,7.0,A,LIDERAR ART,0.184043959903313,7183.0,5.23946435700051,140.874971558357,140.874971558357,134.699866550611,66.6536451667621,3.35754125045836,0.0,2015-09,Riesgos del Trabajo,0.67
148,8.0,A,OMINT ART,0.202992796592345,72.0,3.41313004161,135.078447357989,135.078447357989,131.363191165242,93.6981130037805,50.6565467550059,83.1736997996213,2015-09,Riesgos del Trabajo,0.74
149,9.0,A,PREVENCIÓN ART,5.35765860769521,32402.0,7.66990620890583,128.33747566759,128.33747566759,123.228058586745,88.9344471998314,-3.52620847378222,14.8844452297487,2015-09,Riesgos del Trabajo,19.56
150,10.0,A,PROVINCIA ART,4.64782161836078,38144.0,18.628748692292,102.596623359177,102.596623359177,98.8047581109925,80.7226647393035,-103.139222825822,8.81573013574356,2015-09,Riesgos del Trabajo,16.97
151,11.0,A,QBE ARGENTINA ART,1.50495554056061,13108.0,4.23860950288326,139.534938129945,139.534938129945,136.092578345058,95.399547334381,138.760075784029,36.8212100307713,2015-09,Riesgos del Trabajo,5.49
152,12.0,A,RECONQUISTA ART,0.0687655948302483,613.0,0.66119490442798,138.815669534286,138.815669534286,132.822687393911,96.3077706073803,60.0863312082829,53.1882155101638,2015-09,Riesgos del Trabajo,0.25
153,13.0,A,SEGUNDA ART ,1.97171750907325,23849.0,7.17626314788626,134.523049893794,134.523049893794,128.353377381231,89.9098118111172,7.31035619944072,54.3539916904637,2015-09,Riesgos del Trabajo,7.2
154,14.0,A,SWISS MEDICAL ART,1.91462920972119,23083.0,8.89811365837163,118.751737673569,118.751737673569,115.467509350915,90.0534422248539,-25.1977931817268,26.8653530054027,2015-09,Riesgos del Trabajo,6.99
155,1.0,A,ASOCIART ART,2.76970200843024,24850.0,7.62916658822882,132.508745890524,132.508745890524,126.624927287086,90.7108787117065,33.5505926543903,23.7790655726435,2015-06,Riesgos del Trabajo,10.67
156,2.0,A,BERKLEY ART,0.44603255482279,2519.0,7.25414138701656,245.576164179882,245.576164179882,218.047522522791,91.3230094066003,678.368070774078,64.3053748830102,2015-06,Riesgos del Trabajo,1.72
157,3.0,A,CAJA ART,2.23911350267959,21812.0,8.40212223800311,125.591444611089,125.591444611089,120.950967705034,90.1357546940929,0.355612125591896,22.5054355380012,2015-06,Riesgos del Trabajo,8.62
158,4.0,A,CAMINOS PROTEGIDOS ART,0.157493588023904,594.0,8.60777324990788,125.800399723143,125.800399723143,121.957509664564,83.3348822551798,3.46461715715393,12.8532979051873,2015-06,Riesgos del Trabajo,0.61
159,5.0,A,GALENO ART,4.83243507189691,57957.0,4.67461792496345,124.629096378253,124.629096378253,121.016551236681,94.1170498492588,-10.2383482944003,38.6335208855251,2015-06,Riesgos del Trabajo,18.61
160,6.0,A,INTERACCIÓN ART,0.684161825666769,9189.0,8.97510338206002,185.746022122462,185.746022122462,162.684897058392,74.2800322748128,0.607736714000715,19.5682572963065,2015-06,Riesgos del Trabajo,2.63
161,7.0,A,LIDERAR ART,0.19861076189944,7031.0,7.48187315932511,144.724674954756,144.724674954756,137.512109515103,64.973017498163,14.1610691237111,533.073421702056,2015-06,Riesgos del Trabajo,0.76
162,8.0,A,OMINT ART,0.0662565158428995,26.0,3.00901694685559,137.866312193905,137.866312193905,127.779391016709,92.1596661074206,7.09556666666667,123.369989549763,2015-06,Riesgos del Trabajo,0.26
163,9.0,A,PREVENCIÓN ART,5.14063135431116,31548.0,7.28123468169887,128.577412839131,128.577412839131,123.21784163715,89.7055359492478,-3.08394861816954,15.4160091115882,2015-06,Riesgos del Trabajo,19.8
164,10.0,A,PROVINCIA ART,4.18027862639164,34701.0,21.4602868858622,100.467091821913,100.467091821913,96.2821321438309,77.5406957834586,-127.063712653436,8.28743649319304,2015-06,Riesgos del Trabajo,16.1
165,11.0,A,QBE ARGENTINA ART,1.49639824792499,12470.0,4.64274289985327,129.241047213655,129.241047213655,125.991464765349,94.8476165496562,78.1357789851098,32.0924508940779,2015-06,Riesgos del Trabajo,5.76
166,12.0,A,RECONQUISTA ART,0.0657916465576111,587.0,1.09012598920588,136.368188840249,136.368188840249,130.448156645655,96.1404580304121,48.2569575173394,239.909727689415,2015-06,Riesgos del Trabajo,0.25
167,13.0,A,SEGUNDA ART ,1.83156427921949,22500.0,7.19443292998783,132.67938853492,132.67938853492,126.873601819958,90.4987926676774,8.51117481587496,31.8431960053362,2015-06,Riesgos del Trabajo,7.05
168,14.0,A,SWISS MEDICAL ART,1.86070737056871,21358.0,7.6892112742754,124.594585135883,124.594585135883,120.774631656245,90.678308013174,0.373154178944532,26.4583632878558,2015-06,Riesgos del Trabajo,7.17
169,1.0,A,ASOCIART ART,2.79761124376692,22790.0,8.07511533356502,130.780535811113,130.780535811113,124.916990259826,90.7324369559033,15.0601464032085,26.1210666513012,2015-03,Riesgos del Trabajo,10.74
170,2.0,A,BERKLEY ART,0.450643344797145,2457.0,7.23639058488897,271.116802041304,271.116802041304,250.270025725062,90.5695377733008,748.294944115793,63.6769673349448,2015-03,Riesgos del Trabajo,1.73
171,3.0,A,CAJA ART,2.21589762053723,20312.0,8.39665611896215,129.571110582667,129.571110582667,124.323755202353,90.7143092492324,9.40424940897828,21.1891538566113,2015-03,Riesgos del Trabajo,8.51
172,4.0,A,CAMINOS PROTEGIDOS ART,0.152656694732783,439.0,6.91657005698443,129.831855778758,129.831855778758,127.172182729291,85.2806163562566,19.5673345426841,12.9029080038454,2015-03,Riesgos del Trabajo,0.59
173,5.0,A,GALENO ART,4.89237121920555,53444.0,5.70697510737792,141.433874483438,141.433874483438,136.248476185415,93.0751809897006,36.949054291881,32.9180690070323,2015-03,Riesgos del Trabajo,18.78
174,6.0,A,INTERACCIÓN ART,0.674017440220002,8923.0,13.1190484083573,180.648575067772,180.648575067772,159.815146950879,80.787577680347,0.743737092951984,10.2557992120184,2015-03,Riesgos del Trabajo,2.59
175,7.0,A,LIDERAR ART,0.202752250184566,6707.0,6.12364303555132,141.202305433871,141.202305433871,132.711588838158,81.028800475251,2.63756255322236,652.351286075448,2015-03,Riesgos del Trabajo,0.78
176,8.0,A,OMINT ART,0.0458111885530429,13.0,2.82653213843852,201.68206416816,201.68206416816,193.3926050918,90.7231900501178,58.0512133333333,65.7106166645324,2015-03,Riesgos del Trabajo,0.18
177,9.0,A,PREVENCIÓN ART,5.12853614875398,30916.0,6.93373131920088,130.790746287653,130.790746287653,125.187747126171,89.9677146242942,1.69262501364075,16.7151393032397,2015-03,Riesgos del Trabajo,19.69
178,10.0,A,PROVINCIA ART,4.19579849734632,30879.0,24.7844046467701,98.3473283267209,98.3473283267209,94.8329161082461,74.3315624691514,-138.067439175035,7.74382507249475,2015-03,Riesgos del Trabajo,16.11
179,11.0,A,QBE ARGENTINA ART,1.49886876217027,16540.0,6.3120483883448,134.886374602413,134.886374602413,131.432610825127,93.3117468277036,125.030569116002,25.0880557514132,2015-03,Riesgos del Trabajo,5.75
180,12.0,A,RECONQUISTA ART,0.0661190532917111,566.0,1.50967587907766,135.541522541691,135.541522541691,129.595366014677,93.3224951063133,48.4071989182817,309.863074003587,2015-03,Riesgos del Trabajo,0.25
181,13.0,A,SEGUNDA ART ,1.82491134933539,21770.0,7.33873643328679,141.966204002215,141.966204002215,135.345398211486,89.4715639362228,24.253491235477,48.7793687481662,2015-03,Riesgos del Trabajo,7.01
182,14.0,A,SWISS MEDICAL ART,1.90410867560193,19009.0,8.20801312319206,129.935817891909,129.935817891909,125.01784245241,90.5388363531644,7.94169792642224,30.7005666729624,2015-03,Riesgos del Trabajo,7.31
183,1.0,A,ASOCIART ART,2.66027492504761,21877.0,9.15255461872546,131.807778406426,131.807778406426,125.228443224114,89.7324205559504,4.344389438771336,31.5365714514077,2014-12,Riesgos del Trabajo,10.68
184,2.0,A,BERKLEY ART,0.431915852932759,2285.0,7.05635010704456,276.378989753477,276.378989753477,243.7519564475,90.8304083500756,780.8287786109631,67.5177663875427,2014-12,Riesgos del Trabajo,1.73
185,3.0,A,CAJA ART,2.11521808153522,19641.0,8.18979072004443,128.320564072014,128.320564072014,122.959629783889,91.2108797017421,3.2253720235192227,22.5225357098461,2014-12,Riesgos del Trabajo,8.49
186,4.0,A,CAMINOS PROTEGIDOS ART,0.152078134366867,338.0,12.7364483044193,128.106894096869,128.106894096869,122.782907607575,79.6119844271923,-25.484989560100463,13.353774307874,2014-12,Riesgos del Trabajo,0.61
187,5.0,A,GALENO ART,4.67272291863859,49813.0,6.77930149617669,134.315114983404,134.315114983404,128.807569724802,91.2489812946899,1.77056089687177,29.3343424827574,2014-12,Riesgos del Trabajo,18.76
188,6.0,A,INTERACCIÓN ART,0.643828065787036,7698.0,9.6895145617492,182.830734970043,182.830734970043,160.833213099612,77.6049490003574,0.4240145682443748,21.7046273896321,2014-12,Riesgos del Trabajo,2.58
189,7.0,A,LIDERAR ART,0.197694141248854,6665.0,4.40300304357544,140.099367541833,140.099367541833,133.633665303394,86.6790985423599,1.8803516832846514,0.0,2014-12,Riesgos del Trabajo,0.79
190,8.0,A,OMINT ART,0.0174820432950762,8.0,5.25554049899623,288.495617410029,288.495617410029,267.552975945728,79.488890599076,0.6600571428571429,0.0,2014-12,Riesgos del Trabajo,0.07
191,9.0,A,PREVENCIÓN ART,4.86939173344347,29817.0,7.80459501592701,128.494406291159,128.494406291159,122.263685556294,89.5597939946022,-8.90039874073131,12.278976015308,2014-12,Riesgos del Trabajo,19.55
192,10.0,A,PROVINCIA ART,4.02466415472024,28736.0,31.3325878467272,85.7629774098407,85.7629774098407,82.7176965645344,68.0571084950305,-187.1208650377836,7.40691208159014,2014-12,Riesgos del Trabajo,16.16
193,11.0,A,QBE ARGENTINA ART,1.41906448919802,16164.0,4.91946750851646,133.49224503208,133.49224503208,129.764662020859,94.5109343848597,117.61731167373983,27.7141915832481,2014-12,Riesgos del Trabajo,5.7
194,12.0,A,RECONQUISTA ART,0.0635452990360144,542.0,2.4392481065244,136.586974470143,136.586974470143,130.036308430175,91.43043660017,39.74857217371401,194.10166422018,2014-12,Riesgos del Trabajo,0.26
195,13.0,A,SEGUNDA ART ,1.74744949573522,20963.0,7.19291633642491,145.15683749491,145.15683749491,137.780675607288,90.3574405976794,24.146181215044052,47.7655028140302,2014-12,Riesgos del Trabajo,7.01
196,14.0,A,SWISS MEDICAL ART,1.89648536628108,18372.0,8.247536842087,128.72778423003,128.72778423003,123.826613136991,90.4746312720074,1.286739154270361,20.6363531032623,2014-12,Riesgos del Trabajo,7.61
197,112.0,A,ASOCIART ART,2.57213998601308,20803.0,7.94212196942539,137.465858670087,137.465858670087,128.587239335966,90.333500633328,26.5363131280492,31.3480072189812,2014-09,Riesgos del Trabajo,10.32
198,113.0,A,BERKLEY ART,0.444674344782397,2205.0,5.83900696244417,310.4798920668,310.4798920668,272.149148881043,93.2951126395498,0.0,52.2487675193864,2014-09,Riesgos del Trabajo,1.78
199,114.0,A,CAJA ART,2.15651243889595,18538.0,7.90417984163847,133.145659014528,133.145659014528,128.366211963271,91.6540790331902,20.1361624852121,10.6087355260108,2014-09,Riesgos del Trabajo,8.65
200,115.0,A,CAMINOS PROTEGIDOS ART,0.136281205560132,233.0,7.35603103867804,141.308013216047,141.308013216047,133.667436736148,83.8338028345607,22.4144456443492,0.0,2014-09,Riesgos del Trabajo,0.55
201,116.0,A,GALENO ART,4.54947081823757,51147.0,5.40310342783048,137.913543823001,137.913543823001,131.530320546758,92.6130643297692,18.314872091424,25.2897266135854,2014-09,Riesgos del Trabajo,18.25
202,117.0,A,INTERACCIÓN ART,0.649489140005222,6938.0,10.6134049431538,180.392381711381,180.392381711381,160.291153372677,85.0825039384032,0.712255600249079,26.1695418151523,2014-09,Riesgos del Trabajo,2.61
203,118.0,A,LIDERAR ART,0.196138999812268,6111.0,4.10956795721908,142.724388058012,142.724388058012,132.241895678075,95.1352836751254,1.822340918081,838.048986141871,2014-09,Riesgos del Trabajo,0.79
204,119.0,A,OMINT ART,0.00787714304647665,3.0,3.37983758156766,503.172121502985,503.172121502985,400.946822698972,82.7381862331078,-1.43992571428571,0.0,2014-09,Riesgos del Trabajo,0.03
205,120.0,A,PREVENCIÓN ART,4.96547468638098,29333.0,6.63157666095226,132.269705551894,132.269705551894,125.599538833528,90.9397000348879,7.69383114386094,11.1530175338806,2014-09,Riesgos del Trabajo,19.92
206,121.0,A,PROVINCIA ART,4.07103418238506,25650.0,30.7520106044853,88.1073788677477,88.1073788677477,84.8817201808101,67.4011309443952,-186.286616915283,6.92955062577313,2014-09,Riesgos del Trabajo,16.33
207,122.0,A,QBE ARGENTINA ART,1.44476422741778,15874.0,4.31262794666456,137.556716039467,137.556716039467,133.953320067772,94.9867106842548,130.688484742543,37.1618087827281,2014-09,Riesgos del Trabajo,5.8
208,123.0,A,RECONQUISTA ART,0.0644106319651248,512.0,1.4962978067454,137.75011467874,137.75011467874,129.700397526158,81.4736587762089,49.3644987061047,254.645145182566,2014-09,Riesgos del Trabajo,0.26
209,124.0,A,SEGUNDA ART ,1.78952184217693,20468.0,6.53983349004778,152.539726845166,152.539726845166,144.970906137908,90.3435511883318,58.0113722221298,52.0279144976218,2014-09,Riesgos del Trabajo,7.18
210,125.0,A,SWISS MEDICAL ART,1.87784743433851,17455.0,5.5312431913818,150.305891999858,150.305891999858,143.486317033571,93.2689494111055,98.7488793473523,23.663155686804,2014-09,Riesgos del Trabajo,7.53
211,1.0,A,ASOCIART ART,2.56903593138898,19568.0,7.55198627949834,138.062247207208,138.062247207208,128.483843823178,90.1568466823097,21.2063369076393,30.9982491678289,2014-06,Riesgos del Trabajo,10.82
212,2.0,A,BERKLEY ART,0.45806659878809,2289.0,7.08179420862715,271.591827545717,271.591827545717,227.588303544078,89.2546176931445,749.090793905092,73.0145002360753,2014-06,Riesgos del Trabajo,1.93
213,3.0,A,CAJA ART,2.06980209595736,18229.0,7.26340269390411,133.91941180061,133.91941180061,129.138372484706,92.2230838672456,27.8708725229528,10.0418599473366,2014-06,Riesgos del Trabajo,8.72
214,4.0,A,CAMINOS PROTEGIDOS ART,0.105093497002112,145.0,11.1391988416342,114.481280700508,114.481280700508,110.055471124895,80.9147514055967,-68.2715250355392,29.5566620686419,2014-06,Riesgos del Trabajo,0.44
215,5.0,A,GALENO ART,3.63595464460591,48864.0,5.55241236803456,131.506410999322,131.506410999322,125.755165633967,92.6353372360775,0.636231340080362,150.869934375016,2014-06,Riesgos del Trabajo,15.31
216,6.0,A,INTERACCIÓN ART,0.606226693342402,6372.0,9.09573854751356,180.613906368698,180.613906368698,160.455701508187,82.0831204853384,0.556882095798873,10.8474217006421,2014-06,Riesgos del Trabajo,2.55
217,7.0,A,LIDERAR ART,0.255707865695929,5591.0,4.84326097166259,143.953851362916,143.953851362916,132.879644508967,89.5172674878367,6.75474516957975,411.589770984421,2014-06,Riesgos del Trabajo,1.08
218,8.0,A,OMINT ART,0.005594768556053,12.0,2.45046963769636,663.36210685795,663.36210685795,393.892577241206,88.8594845607341,2.86440571428571,0.0,2014-06,Riesgos del Trabajo,0.02
219,9.0,A,PREVENCIÓN ART,5.06961711840126,28969.0,5.09286893239169,134.539690720573,134.539690720573,128.547023141009,91.8788232227055,26.7541785363647,10.3374272768814,2014-06,Riesgos del Trabajo,21.35
220,10.0,A,PROVINCIA ART,3.70585971066178,23233.0,35.3042457273593,81.4005860135378,81.4005860135378,78.1602680003249,62.7299203649443,-214.808040306788,6.90234755519504,2014-06,Riesgos del Trabajo,15.61
221,11.0,A,QBE ARGENTINA ART,1.5469740275532,15652.0,4.37040091726765,134.554288351176,134.554288351176,130.985303278289,94.9118950689973,116.029445578168,30.9699206023383,2014-06,Riesgos del Trabajo,6.52
222,12.0,A,RECONQUISTA ART,0.071458619270578,488.0,2.56523447064112,133.153955204357,133.153955204357,124.375041120844,72.4764941375218,23.6586468096218,67.399065912894,2014-06,Riesgos del Trabajo,0.3
223,13.0,A,SEGUNDA ART ,1.76570153259571,20088.0,6.91632458702292,147.020231113416,147.020231113416,139.551295011979,90.8872737012611,45.9847176084229,0.0,2014-06,Riesgos del Trabajo,7.44
224,14.0,A,SWISS MEDICAL ART,1.87781577480833,16960.0,5.6595389159164,139.831949023179,139.831949023179,133.86127693682,92.4518475663823,59.2662604704661,20.7059311755471,2014-06,Riesgos del Trabajo,7.91
225,111.0,A,ASOCIART ART,2.59429791814659,18601.0,6.86138392971151,140.332060231949,140.332060231949,134.050943400119,91.6458798959986,32.9782925232483,24.4323081045345,2014-03,Riesgos del Trabajo,10.94
226,112.0,A,BERKLEY ART,0.472744365087845,2119.0,7.49536499128156,296.194389454324,296.194389454324,227.318630192393,89.4980173254309,688.229831142874,55.8974650290298,2014-03,Riesgos del Trabajo,1.99
227,113.0,A,CAJA ART,2.08670675706051,17989.0,7.06996006452495,133.590230520099,133.590230520099,128.866398126306,92.4007398244895,50.6402367521417,11.6762477241187,2014-03,Riesgos del Trabajo,8.8
228,114.0,A,CAMINOS PROTEGIDOS ART,0.0850658420537302,85.0,10.8255178756361,134.098483141318,134.098483141318,127.89675807481,86.1056528047343,4.48974324587795,152.521602231015,2014-03,Riesgos del Trabajo,0.36
229,115.0,A,GALENO ART,3.33061311628568,47912.0,5.87329757451473,134.887895484304,134.887895484304,129.781057267887,90.567458386497,4.80066948977217,128.18828562217,2014-03,Riesgos del Trabajo,14.05
230,116.0,A,INTERACCIÓN ART,0.617521510959326,5935.0,9.94564678310885,187.18502146792,187.18502146792,165.988055600439,86.4199375916438,0.50582314101237,23.6315386937146,2014-03,Riesgos del Trabajo,2.6
231,117.0,A,LIDERAR ART,0.269083951594232,4862.0,4.34802434970345,139.544128227634,139.544128227634,129.167014265703,95.0037405706684,3.2994398780269,0.0,2014-03,Riesgos del Trabajo,1.13
232,118.0,A,OMINT ART,0.00535494558016493,0.0,1.53714091781875,0.0,0.0,826.825705907439,92.5681999218077,16.7298857142857,0.0,2014-03,Riesgos del Trabajo,0.02
233,119.0,A,PREVENCIÓN ART,5.18781665076215,29618.0,7.59495702504093,128.015275568514,128.015275568514,122.650080516713,89.4080666875609,-9.23982078729247,12.0168879941317,2014-03,Riesgos del Trabajo,21.88
234,120.0,A,PROVINCIA ART,3.68512345788271,21125.0,39.8256892464439,76.6051129634162,76.6051129634162,73.4920109163572,59.2207200273955,-237.628365841993,6.21929815853632,2014-03,Riesgos del Trabajo,15.54
235,121.0,A,QBE ARGENTINA ART,1.59548364023942,15554.0,4.75142964783837,132.132322699446,133.06366466406,129.415039046679,94.6086383385489,88.0533303951599,36.2749632883643,2014-03,Riesgos del Trabajo,6.73
236,122.0,A,RECONQUISTA ART,0.073771257815017,439.0,3.00253225203185,135.341813896651,135.341813896651,126.03387098343,69.4198589088548,36.8172384508224,103.299660105834,2014-03,Riesgos del Trabajo,0.31
237,123.0,A,SEGUNDA ART ,1.79247438699047,19568.0,6.17420830119722,158.185078144451,158.185078144451,149.673667791366,90.7048862629665,51.7560059445845,34.3760941795431,2014-03,Riesgos del Trabajo,7.56
238,124.0,A,SWISS MEDICAL ART,1.91710424094751,15848.0,5.16982427828531,152.003286979606,152.019961501455,147.675693400176,93.1917917287132,68.7259630243908,25.4241914866567,2014-03,Riesgos del Trabajo,8.08
239,1.0,A,ASOCIART ART,2.4553054661773,18709.0,7.43707573917885,139.738428395398,139.738428395398,133.15429213942,90.7277800098573,25.9846195843621,29.0247760524953,2013-12,Riesgos del Trabajo,10.05
240,2.0,A,BERKLEY ART,0.459369221494585,2025.0,7.397102629887,258.666902873409,258.666902873409,216.692015835268,91.8925945011641,551.18955610975,41.0689411539686,2013-12,Riesgos del Trabajo,1.88
241,3.0,A,CAJA ART,2.02010073176084,17421.0,6.66851633807447,131.183915340844,131.183915340844,126.391992806338,92.7011735279552,28.8256642367158,11.3057965552978,2013-12,Riesgos del Trabajo,8.27
242,4.0,A,CAMINOS PROTEGIDOS ART,0.0669039469770944,68.0,6.55545906198829,125.790085803215,125.790085803215,118.543636384406,87.6433556719796,-10.54381,10.4169809710456,2013-12,Riesgos del Trabajo,0.27
243,5.0,A,GALENO ART,3.03677340426585,23736.0,4.07600545728424,147.62852003828,147.62852003828,143.921689935936,92.2960271484037,58.0793899881796,19.8731130330687,2013-12,Riesgos del Trabajo,12.43
244,6.0,A,INTERACCIÓN ART,0.585418915430848,6252.0,9.53288585665744,187.185257720418,187.185257720418,164.509551778832,83.6394973896774,0.197374628008983,32.0325606556641,2013-12,Riesgos del Trabajo,2.4
245,7.0,A,LIDERAR ART,0.267063800151622,4553.0,4.66961023038952,133.891133275809,133.891133275809,127.892884279072,84.9241570429615,4.08281300834753,0.0,2013-12,Riesgos del Trabajo,1.09
246,8.0,A,MAPFRE ART,1.79773445087842,24244.0,11.3236259461361,129.109789125132,129.109789125132,120.163587395196,81.1183446261597,-62.8267701635522,8.02272339071839,2013-12,Riesgos del Trabajo,7.36
247,9.0,A,OMINT ART,0.00413373805978933,0.0,1.05493238315808,0.0,0.0,0.0,94.9965969597786,3.921095,0.0,2013-12,Riesgos del Trabajo,0.02
248,10.0,A,PREVENCIÓN ART,5.07051195964588,28400.0,7.79657848923122,123.322979262094,123.322979262094,118.071115253814,88.9499329134032,-23.759883844224,18.673042627892,2013-12,Riesgos del Trabajo,20.75
249,11.0,A,PROVINCIA ART,3.41619596107314,19970.0,45.6048296694078,68.2212449954055,68.2212449954055,64.7343963034097,53.4775624159048,-287.767195750202,5.9309653657206,2013-12,Riesgos del Trabajo,13.98
250,12.0,A,QBE ARGENTINA ART,1.56063702619391,15524.0,5.0339390056209,129.849370764572,130.862035867939,127.150960055038,94.1066420223762,52.7890326011023,28.3562746587496,2013-12,Riesgos del Trabajo,6.39
251,13.0,A,RECONQUISTA ART,0.0721300567264867,427.0,1.98865866161805,136.537619969249,136.537619969249,127.384287962315,71.7366568125117,14.8796687728402,101.323276942837,2013-12,Riesgos del Trabajo,0.3
252,14.0,A,SEGUNDA ART ,1.74590104924303,19202.0,6.20705426696564,147.682591239838,147.682591239838,139.900205553998,90.608610152706,36.5748706181917,33.9092117688335,2013-12,Riesgos del Trabajo,7.14
253,15.0,A,SWISS MEDICAL ART,1.87863088923991,15673.0,5.87602996992137,142.007305589548,142.026190231499,137.950173159538,92.3383711430481,25.671323089985,17.1556059505411,2013-12,Riesgos del Trabajo,7.69
254,1.0,A,ASOCIART ART,2.51845898806133,18883.0,6.57188608634084,136.358852871561,136.358852871561,130.32118870134,92.3270580368132,20.4337062772688,14.0950016,2013-09,Riesgos del Trabajo,9.9
255,2.0,A,BERKLEY ART,0.495441541277377,1969.0,7.47159239920812,252.56105835167,252.56105835167,214.486501042189,90.8614277617537,472.885441859932,41.50076498,2013-09,Riesgos del Trabajo,1.95
256,3.0,A,CAJA ART,2.12220938911649,16589.0,4.67720584083466,137.866613664204,137.866613664204,132.802177627869,94.7171222573129,35.3405500553882,12.36731148,2013-09,Riesgos del Trabajo,8.34
257,4.0,A,CAMINOS PROTEGIDOS ART,0.0665653768658315,37.0,6.28216720229631,153.500069874562,153.500069874562,140.031045604051,86.2675318023745,36.51436,67.64508139,2013-09,Riesgos del Trabajo,0.26
258,5.0,A,GALENO ART,3.19965334582518,22503.0,4.2013675932761,149.364069157726,149.364069157726,145.729319259227,93.8748026008434,39.933327093996,209.8925166,2013-09,Riesgos del Trabajo,12.58
259,6.0,A,INTERACCIÓN ART,0.625477464114446,5681.0,8.6071518359575,170.480559204726,170.480559204726,153.383601335489,79.2239773220716,0.337499867921615,25.33739749,2013-09,Riesgos del Trabajo,2.46
260,7.0,A,LIDERAR ART,0.287077839789417,4070.0,3.44038080081124,137.849230945942,137.849230945942,131.778715968387,81.8222937713161,8.89395978469484,0.0,2013-09,Riesgos del Trabajo,1.13
261,8.0,A,MAPFRE ART,1.90638839617381,24000.0,11.8315574981065,123.08978948002,123.08978948002,118.024411890065,87.4348167075647,-40.0123556698797,17.80929159,2013-09,Riesgos del Trabajo,7.49
262,9.0,A,OMINT ART,0.00192638315881022,0.0,0.71111957560138,0.0,0.0,0.0,98.8562906820297,1.74260184986549,0.0,2013-09,Riesgos del Trabajo,0.01
263,10.0,A,PREVENCIÓN ART,5.38801007918913,26264.0,7.45552756107232,125.411631308569,125.411631308569,120.037158561896,88.9986817143678,-14.3320571932376,18.22868079,2013-09,Riesgos del Trabajo,21.18
264,11.0,A,PROVINCIA ART,3.28205346080907,18264.0,42.7548185078639,73.4315176682932,73.4315176682932,71.2104477790481,56.0049227628911,-23.1768542800489,6.398523652,2013-09,Riesgos del Trabajo,12.9
265,12.0,A,QBE ARGENTINA ART,1.69306221327134,15814.0,5.28059170083895,132.453320255591,133.519383459576,129.730436379422,94.0480657789239,42.5666915478741,21.27573593,2013-09,Riesgos del Trabajo,6.65
266,13.0,A,RECONQUISTA ART,0.0747666848586045,392.0,3.05837886095409,137.507175047828,137.507175047828,129.284793319014,72.3509717889167,25.1048677097932,75.16598273,2013-09,Riesgos del Trabajo,0.29
267,14.0,A,SEGUNDA ART ,1.83844961164634,18429.0,7.03085683459819,143.437595338353,143.437595338353,136.302475692889,90.2774448682827,28.6828087138315,28.88949479,2013-09,Riesgos del Trabajo,7.23
268,15.0,A,SWISS MEDICAL ART,1.94291090256982,14591.0,6.35261445041073,143.867003443419,143.887886616114,139.717887762226,91.7979144146893,27.4288937246419,14.84396158,2013-09,Riesgos del Trabajo,7.64
269,1.0,A,ASOCIART ART,2.61830121696332,17992.0,7.08501436032945,134.642874867925,134.642874867925,128.604006200793,91.3506410985792,3.8936501694411,14.8778987032743,2013-06,Riesgos del Trabajo,10.44
270,2.0,A,BERKLEY ART,0.527483260725493,1760.0,7.22659400817205,251.742186604893,251.742186604893,211.587040037796,89.9666350431379,472.244519563514,50.1355068683962,2013-06,Riesgos del Trabajo,2.1
271,3.0,A,CAJA ART,2.12078691675886,16292.0,4.54073387099812,133.848184971559,133.848184971559,128.944332835132,94.9530849259935,19.2453212379845,12.7363598058724,2013-06,Riesgos del Trabajo,8.46
272,4.0,A,CAMINOS PROTEGIDOS ART,0.0457768205307544,26.0,7.94302455785103,153.767855826197,153.767855826197,129.003075306568,87.9188604352674,9.42633,42.0446214690327,2013-06,Riesgos del Trabajo,0.18
273,5.0,A,GALENO ART,3.20666705007228,20908.0,4.57782629598672,147.228959055475,147.228959055475,143.825373090296,92.7088572853648,30.0546399108994,233.26279860887,2013-06,Riesgos del Trabajo,12.79
274,6.0,A,INTERACCIÓN ART,0.491140803752277,5159.0,7.85758230028122,184.599375206015,184.599375206015,166.96120056234,74.2730267763901,0.776991417375467,18.6370281364293,2013-06,Riesgos del Trabajo,1.96
275,7.0,A,LIBERTY ART ,1.07855107223,10101.0,5.89503072348024,145.859102859025,145.898134156359,140.675916876396,92.3354775785065,48.1178942960301,10.7063830403704,2013-06,Riesgos del Trabajo,4.3
276,8.0,A,LIDERAR ART,0.353619125793788,3507.0,5.70189173213339,137.585778544697,137.585778544697,131.629526921209,93.5858701296247,1.34251380202071,0.0,2013-06,Riesgos del Trabajo,1.41
277,9.0,A,MAPFRE ART,1.98372163483839,23727.0,11.7595908886632,122.277124173908,122.277124173908,117.052624421238,87.2654104958044,-34.7797236828027,20.3344441372879,2013-06,Riesgos del Trabajo,7.91
278,10.0,A,OMINT ART,0.0,0.0,0.186449071156312,0.0,0.0,0.0,99.0477387880502,1.22428797551424,0.0,2013-06,Riesgos del Trabajo,0.0
279,11.0,A,PREVENCIÓN ART,5.42547970720215,22739.0,8.54529805256998,121.533600235051,121.533600235051,116.166057230274,87.5327832389014,-28.6264614004805,18.3247131994788,2013-06,Riesgos del Trabajo,21.64
280,12.0,A,PROVINCIA ART,2.68446040528904,17109.0,40.686307289054,76.4014156157231,76.4014156157231,74.141731547952,58.3138636994132,-17.2656205978774,4.99077443084007,2013-06,Riesgos del Trabajo,10.71
281,13.0,A,QBE ARGENTINA ART,1.78911830139413,16288.0,5.87002049972513,126.277254158372,126.277254158372,123.80555114312,92.4517994417953,8.93275503543119,27.7030034540321,2013-06,Riesgos del Trabajo,7.14
282,14.0,A,RECONQUISTA ART,0.0733111661191258,483.0,3.86360246717532,134.059355956553,134.059355956553,128.525627636208,71.6973570742244,31.3728717991985,131.722797657134,2013-06,Riesgos del Trabajo,0.29
283,15.0,A,SEGUNDA ART ,1.884748788597,17624.0,9.53452928803669,137.965222684507,137.965222684507,131.183986858941,87.2393484984803,11.7149454060303,50.676237831759,2013-06,Riesgos del Trabajo,7.52
284,16.0,A,SMG ART,0.787028932695243,4106.0,8.04905611678483,125.428365070202,125.428365070202,123.28587364755,89.0914944091251,-32.5907075313971,21.6379613077065,2013-06,Riesgos del Trabajo,3.14
285,1.0,A,ASOCIART ART,2.627922469,16798.0,7.759795008,139.9006975,139.9006975,134.3785193,90.89686337,9.67976987,18.38250971,2013-03,Riesgos del Trabajo,10.44
286,2.0,A,BERKLEY ART,0.536035396,1476.0,9.119022157,257.389325,257.389325,214.4240491,87.86224183,504.3506176,52.09786774,2013-03,Riesgos del Trabajo,2.13
287,3.0,A,CAJA ART,2.128250356,15859.0,4.365567666,140.361812,140.361812,135.0758951,95.14820662,33.22869648,14.71680896,2013-03,Riesgos del Trabajo,8.46
288,4.0,A,CAMINOS PROTEGIDOS ART,0.043436174,27.0,6.093827601,176.6915319,176.6915319,159.7914597,87.22103837,48.73348,64.62404711,2013-03,Riesgos del Trabajo,0.17
289,5.0,A,GALENO ART,3.242310209,19284.0,5.475025503,147.1319743,147.1319743,143.245961,88.296452,78.66093512,60.22139311,2013-03,Riesgos del Trabajo,12.89
290,6.0,A,INTERACCIÓN ART,0.468491421,5085.0,9.532391629,184.4743322,184.4743322,165.863138,82.92208978,1.105693046,17.90927649,2013-03,Riesgos del Trabajo,1.86
291,7.0,A,LIBERTY ART ,1.090404391,9519.0,5.454297255,166.6305829,166.6764394,159.4036468,92.54367333,77.31394753,14.60638492,2013-03,Riesgos del Trabajo,4.33
292,8.0,A,LIDERAR ART,0.37012371,2838.0,6.955375346,135.6245991,135.6245991,130.0504298,92.28542097,-6.936719668,19.97152276,2013-03,Riesgos del Trabajo,1.47
293,9.0,A,MAPFRE ART,2.001865977,21417.0,11.9310814,125.7509808,125.7509808,119.8588041,86.53509988,-33.52561467,15.5257292,2013-03,Riesgos del Trabajo,7.96
294,10.0,A,PREVENCIÓN ART,5.43219259,17503.0,10.55785638,122.30717,122.30717,116.6901244,85.10061995,0.53033915,21.81222313,2013-03,Riesgos del Trabajo,21.59
295,11.0,A,PROVINCIA ART,2.581796563,15851.0,39.19236657,80.88810184,80.88810184,78.53386688,59.95589174,1.133474485,5.888260817,2013-03,Riesgos del Trabajo,10.26
296,12.0,A,QBE ARGENTINA ART,1.837413047,15924.0,5.955642114,136.6410312,136.6410312,133.8905766,92.56605063,78.66093507,29.17756135,2013-03,Riesgos del Trabajo,7.3
297,13.0,A,RECONQUISTA ART,0.073471956,458.0,2.686026093,138.8541571,138.8541571,133.2652292,72.80818861,41.02853187,59.3204607,2013-03,Riesgos del Trabajo,0.29
298,14.0,A,SEGUNDA ART ,1.921575859,16845.0,15.57672941,138.1049585,138.1049585,131.5319926,81.35597728,19.4456117,41.40265717,2013-03,Riesgos del Trabajo,7.64
299,15.0,A,SMG ART,0.807878026,3842.0,8.005030248,137.994954,137.994954,135.6858171,89.61921828,0.179665973,21.77475349,2013-03,Riesgos del Trabajo,3.21
300,1.0,A,ASOCIART ART,2.53787831158323,16281.0,9.31238604029518,134.960022089669,134.960022089669,129.540141366853,89.3637303630864,5.9416595427092,15.289671661473108,2012-12,Riesgos del Trabajo,10.45
301,2.0,A,BERKLEY ART,0.522956430560687,1369.0,10.8967335006513,223.374243467073,223.374243467073,188.24722342015,87.0069625591585,370.713912494908,57.51160401263803,2012-12,Riesgos del Trabajo,2.15
302,3.0,A,CAJA ART,1.99065808454267,15444.0,4.67068527727987,134.034634359087,134.034634359087,128.934680169015,94.622399993175,27.8326684136767,14.191768621145313,2012-12,Riesgos del Trabajo,8.19
303,4.0,A,CAMINOS PROTEGIDOS ART,0.0388654632179713,15.0,5.95085660658383,209.466878180244,209.466878180244,178.286256860479,85.6573725806583,46.42726,52.64427347168211,2012-12,Riesgos del Trabajo,0.16
304,5.0,A,GALENO ART,3.17037654951929,18226.0,11.62538525769,134.984371570922,134.984371570922,130.207287418285,87.6005618575426,4.50483622978241,579.3290678116923,2012-12,Riesgos del Trabajo,13.05
305,6.0,A,INTERACCIÓN ART,0.44259661496147,4929.0,7.94025751993955,192.809816100766,192.809816100766,169.985255454193,76.9925328843118,0.387026130386462,11.461706815287318,2012-12,Riesgos del Trabajo,1.82
306,7.0,A,LIBERTY ART ,1.08845231477117,9387.0,6.48661407678685,154.992205792468,154.992205792468,147.641551187615,90.8083608568651,44.4941508540444,11.076735186163614,2012-12,Riesgos del Trabajo,4.48
307,8.0,A,LIDERAR ART,0.369694594069206,2386.0,3.59855715544556,141.83357228071,141.83357228071,136.116013294605,94.6846645219516,1.84998175830747,0.0,2012-12,Riesgos del Trabajo,1.52
308,9.0,A,MAPFRE ART,1.92381566778128,20894.0,14.0514131359212,119.645391514146,119.645391514146,112.96454518209799,84.5661603341186,-44.3714328408829,20.499956823640833,2012-12,Riesgos del Trabajo,7.92
309,10.0,A,PREVENCIÓN ART,5.36696950792679,15277.0,12.7462472279324,123.470310959508,123.470310959508,117.222407982145,83.0723642808493,0.178540100451808,15.229109076670563,2012-12,Riesgos del Trabajo,22.09
310,11.0,A,PROVINCIA ART,2.44289900431424,15429.0,40.1469972003527,76.4097595720561,76.4097595720561,74.3814044038455,58.5233377147216,0.761073879836548,5.01875232461881,2012-12,Riesgos del Trabajo,10.05
311,12.0,A,QBE ARGENTINA ART,1.73885153515912,15535.0,5.43958849388813,134.615764199134,134.615764199134,131.963245297798,93.0280015785649,61.4789774865688,28.40143269103466,2012-12,Riesgos del Trabajo,7.16
312,13.0,A,RECONQUISTA ART,0.066851950295859,455.0,2.43890389152277,138.685016601618,138.685016601618,133.064240977362,67.3243683361692,24.3092950583282,104.82437906728205,2012-12,Riesgos del Trabajo,0.28
313,14.0,A,SEGUNDA ART ,1.84084676383969,16480.0,20.8488912471186,119.549228163117,119.549228163117,114.159721362512,75.3849402824683,-31.6247212886392,34.998624612037005,2012-12,Riesgos del Trabajo,7.58
314,15.0,A,SMG ART,0.754644751043458,3467.0,10.4828103426326,129.542244999644,129.542244999644,127.997052565163,86.4903314228537,-32.3792149592486,24.155076596370215,2012-12,Riesgos del Trabajo,3.11
315,1.0,A,ASOCIART ART,2.50300964200324,15110.0,6.88365373871222,140.670229089986,140.670229089986,134.902930110049,91.7830228038506,10.6905208102052,10.4896754939862,2012-09,Riesgos del Trabajo,10.36
316,2.0,A,BERKLEY ART,0.544855969817316,1242.0,7.24946774612461,246.318337290051,246.318337290051,208.649429521523,90.8269572996572,355.159294025018,56.0572053696189,2012-09,Riesgos del Trabajo,2.25
317,3.0,A,CAJA ART,2.04899868714662,14645.0,4.12208508169352,139.737735596994,139.737735596994,134.383255776695,95.240325501431,29.2453494978273,14.9287915018431,2012-09,Riesgos del Trabajo,8.48
318,4.0,A,CAMINOS PROTEGIDOS ART,0.0345414507949442,5.0,6.02266946480445,255.814212382468,255.814212382468,215.659246556583,85.2105059445119,57.11735,81.9450085520003,2012-09,Riesgos del Trabajo,0.14
319,5.0,A,GALENO ART,3.00597515742269,17283.0,4.07248233601796,137.327904222007,137.327904222007,132.30483845627,95.4227387634854,2.80394589311669,567.806580110444,2012-09,Riesgos del Trabajo,12.44
320,6.0,A,INTERACCIÓN ART,0.445032577602351,4094.0,8.26005292887105,186.813151425632,186.813151425632,167.52094062232,83.0317656300867,0.380079784710491,13.7017470399824,2012-09,Riesgos del Trabajo,1.84
321,7.0,A,LIBERTY ART ,1.10564186606094,8997.0,4.83755101757489,159.234285022259,159.234285022259,150.386961258872,92.7334084296505,41.9904628239502,9.31371071159193,2012-09,Riesgos del Trabajo,4.57
322,8.0,A,LIDERAR ART,0.409974956137449,1695.0,5.15227396890939,143.613949475299,143.613949475299,138.165169186883,93.5573546832883,1.54234472157835,0.0,2012-09,Riesgos del Trabajo,1.7
323,9.0,A,MAPFRE ART,1.83418758027734,19623.0,11.1865582768958,127.297527656096,127.297527656096,118.692825259899,86.8786760179275,-25.2999013668074,14.9568342758389,2012-09,Riesgos del Trabajo,7.59
324,10.0,A,PREVENCIÓN ART,5.33367709988401,14580.0,8.86380632973774,124.211452021173,124.211452021173,117.699578393598,87.1624533832483,-16.6719703607832,16.720455719981,2012-09,Riesgos del Trabajo,22.07
325,11.0,A,PROVINCIA ART,2.35682992737051,14562.0,35.9577763421208,83.2849474434556,83.2849474434556,81.1365528079854,62.7795519886224,2.37230046288842,4.53583035385725,2012-09,Riesgos del Trabajo,9.75
326,12.0,A,QBE ARGENTINA ART,1.81566247379322,14972.0,5.13854867787828,138.267269151201,138.267269151201,135.588044860907,93.3886523799284,54.1915793051553,31.2025288439452,2012-09,Riesgos del Trabajo,7.51
327,13.0,A,RECONQUISTA ART,0.070555252152233,439.0,2.65032616325095,138.571390936351,138.571390936351,133.411905496085,68.3077730362264,30.2500503152131,45.7684702995582,2012-09,Riesgos del Trabajo,0.29
328,14.0,A,SEGUNDA ART ,1.94346568990694,16052.0,19.9703034867408,116.318613700348,116.318613700348,111.292059629375,77.0304224405484,-43.1347961264583,25.0182227049564,2012-09,Riesgos del Trabajo,8.04
329,15.0,A,SMG ART,0.718992502703017,2746.0,7.2413726053603,136.544210851619,136.544210851619,135.296211198424,88.2599450851335,4.01708788672386,20.5654399154996,2012-09,Riesgos del Trabajo,2.97
330,1.0,A,ASOCIART ART,2.33859151265503,14546,6.45845888113852,139.804486408657,139.804486408657,134.195087453415,92.1003835598431,11.6123747465885,12.826599952677693,2012-06,Riesgos del Trabajo,9.8
331,2.0,A,BERKLEY ART,0.551188609462674,1114,6.09749262936244,245.805075050931,245.805075050931,195.306520687651,93.0682723604541,282.34369554748,132.37731535721034,2012-06,Riesgos del Trabajo,2.31
332,3.0,A,CAJA ART,2.00507059004835,14157,4.19568717854608,136.799419013045,136.799419013045,131.594752769323,95.1807381665785,24.1351931033544,25.59404838059188,2012-06,Riesgos del Trabajo,8.4
333,4.0,A,CAMINOS PROTEGIDOS ART,0.0247533169645226,6,6.91490453611226,445.480751678911,445.480751678911,211.674126388124,81.3625888680362,82.37552,75.04295037419122,2012-06,Riesgos del Trabajo,0.1
334,5.0,A,CONSOLIDAR ART,2.64833343089846,17498,3.5702556741315,141.116911809591,141.116911809591,135.989981099632,95.9217984622251,31.040496194643,226.77749843215375,2012-06,Riesgos del Trabajo,11.1
335,6.0,A,INTERACCIÓN ART,0.474761274906529,4047,7.60266641242435,186.936188194016,186.936188194016,168.203565562323,87.0035510363907,0.226659858211476,9.336506274462872,2012-06,Riesgos del Trabajo,1.99
336,7.0,A,LIBERTY ART ,1.27381953930385,8309,5.92697075878774,148.879528397276,148.879528397276,138.769084836599,90.3172511617523,11.5077817159285,10.64796523192116,2012-06,Riesgos del Trabajo,5.34
337,8.0,A,LIDERAR ART,0.451345306502725,1256,4.98059522802252,145.440381371908,145.440381371908,134.041644905892,94.1961870020698,-6.60373346935752,404.1043582085444,2012-06,Riesgos del Trabajo,1.89
338,9.0,A,MAPFRE ART,1.95531545781057,18642,9.87713252413733,129.442399159428,129.442399159428,122.665164678515,88.4876405630623,1.98215746548721,17.202787710054203,2012-06,Riesgos del Trabajo,8.2
339,10.0,A,PREVENCIÓN ART,5.53937181870216,14622,8.58336732366122,126.022052788663,126.022052788663,120.588004709492,87.2804235155565,-1.43084237595878,20.933999847982175,2012-06,Riesgos del Trabajo,23.22
340,11.0,A,PROVINCIA ART,2.05321694498641,14083,33.1296115366616,86.2189959371211,86.2189959371211,84.0948718118781,65.7050928786373,2.97996162187814,5.195613939696715,2012-06,Riesgos del Trabajo,8.61
341,12.0,A,QBE ARGENTINA ART,2.03678741125281,14572,5.16457047861021,135.280948909478,135.280948909478,132.769555746871,93.2510878585449,51.7099971711795,39.107308609701356,2012-06,Riesgos del Trabajo,8.54
342,13.0,A,RECONQUISTA ART,0.070876702129842,424,2.95251808092714,137.522463762129,137.522463762129,132.431374372363,66.7266372432587,32.6930556331294,123.41852599958567,2012-06,Riesgos del Trabajo,0.3
343,14.0,A,SEGUNDA ART ,1.78644972100447,15608,20.1958831861157,113.106064729007,113.106064729007,108.261340406185,76.9964682003666,-54.9548353359641,0.0,2012-06,Riesgos del Trabajo,7.49
344,15.0,A,SMG ART,0.646450542784078,2620,6.50984873591617,136.510330458985,136.510330458985,135.960451197925,89.2881084144677,16.6007472886146,23.911595452215646,2012-06,Riesgos del Trabajo,2.71
345,1.0,A,ASOCIART ART,2.34596994628347,14482,6.51965468743646,140.818819801534,140.818819801534,135.352466863255,92.2414754934073,16.8134537953164,17.342685877097065,2012-03,Riesgos del Trabajo,9.78
346,2.0,A,BERKLEY ART,0.562258837886045,996,4.03804972388231,251.15140923674,251.15140923674,188.559932384599,94.8518888347234,239.219468437652,390.6919355373751,2012-03,Riesgos del Trabajo,2.34
347,3.0,A,CAJA ART,2.0117104416274,13197,3.95471503395712,139.229639653883,139.229639653883,133.847355544983,95.5182516100305,29.5437013396888,26.828325933596723,2012-03,Riesgos del Trabajo,8.38
348,4.0,A,CAMINOS PROTEGIDOS ART,0.0233397687309999,1,6.73534245602948,682.44536730922,682.44536730922,259.202510818611,83.567857425295,82.17488,0.0,2012-03,Riesgos del Trabajo,0.1
349,5.0,A,CONSOLIDAR ART,2.63788486192511,16393,5.98581479046533,141.762220012971,141.762220012971,136.623028456297,93.7712112789461,27.5242243875622,347.02782618185677,2012-03,Riesgos del Trabajo,10.99
350,6.0,A,INTERACCIÓN ART,0.493896628629453,3810,9.02237060139668,181.904326240278,181.904326240278,164.922226808888,87.3540440315995,1.53243514881939,20.70948885011216,2012-03,Riesgos del Trabajo,2.06
351,7.0,A,LIBERTY ART ,1.32861891908388,7711,5.62142967320315,155.77564894992,155.77564894992,149.115486916115,91.2664751520574,46.5830844626412,14.436119774720733,2012-03,Riesgos del Trabajo,5.54
352,8.0,A,LIDERAR ART,0.462462276097825,687,4.86863960400672,143.326660398363,143.326660398363,133.054822681342,94.2926155472564,0.617600790609798,0.0,2012-03,Riesgos del Trabajo,1.93
353,9.0,A,MAPFRE ART,1.96543861173531,17637,8.79232226262293,133.803946323678,133.803946323678,126.736340592109,89.3319762853112,5.94351353001376,13.009002075176598,2012-03,Riesgos del Trabajo,8.19
354,10.0,A,PREVENCIÓN ART,5.55614964209391,15551,7.99600682351899,130.707654258326,130.707654258326,125.164779796885,88.039383573331,8.43663294156804,15.641492266613648,2012-03,Riesgos del Trabajo,23.15
355,11.0,A,PROVINCIA ART,2.01573741175468,13461,39.634120048024,79.9139171310474,79.9139171310474,78.1093414309896,59.1503038084782,17.7662809060925,5.295230346213087,2012-03,Riesgos del Trabajo,8.4
356,12.0,A,QBE ARGENTINA ART,2.09782414442886,14009,5.21578664036632,136.101147055674,136.101147055674,133.124947264437,93.0178130815472,50.8003854743061,43.00716607761507,2012-03,Riesgos del Trabajo,8.74
357,13.0,A,RECONQUISTA ART,0.0710569910108991,468,5.08822313802735,136.762544549176,136.762544549176,131.239018541522,64.7751263259593,34.9768945600955,114.54648714121295,2012-03,Riesgos del Trabajo,0.3
358,14.0,A,SEGUNDA ART ,1.78661562601429,14844,17.8642509617723,122.019098241144,122.019098241144,116.687352558218,78.2887213773533,17.1575517771093,0.0,2012-03,Riesgos del Trabajo,7.45
359,15.0,A,SMG ART,0.636505687228529,2151,5.6044298055364,137.148346698739,137.148346698739,137.219688407923,88.3365920903301,10.5751413391383,35.09278318897742,2012-03,Riesgos del Trabajo,2.65
