,Nº,NJ,Denominación,ProducciónTotal,CantidaddeJuicios,(Créditos/Activos),(Dispon.+Invers.)/Deudasc/Aseg.,(Dispon.+Invers.+Inmuebles)/Deudasc/Aseg.,(Dispon.+Invers.+Inmueb.)/(Deudasc/Aseg.+Comp.Técn.),(Inversiones+Inmuebles)/Activos,Superávit/CapitalRequerido,(Dispon.+Invers.)/CompromisosExigibles,Fecha,Categoría,Mercado
0,1.0,C,ARGOS MUTUAL,0.021646076970363654,4121.0,21.8109026778772,212.7863238758724,213.6872334202883,213.1297633551698,77.84709803816003,313.48119445637184,22.52955593842674,2018-06,Transporte Público Pasajeros,9.96
1,2.0,C,GARANTÍA MUTUAL,0.012449308598749553,1064.0,6.1489020618089025,496.8462776465099,496.8462776465099,507.7067094728769,89.2789397662631,637.9531941428563,79.29868889162185,2018-06,Transporte Público Pasajeros,5.73
2,3.0,C,METROPOL MUTUOS,0.022592664151137348,3443.0,14.881119466840959,158.9540457438831,158.9540457438831,158.4172454199902,81.58931161096939,51.27589557135918,253.19616213957843,2018-06,Transporte Público Pasajeros,10.39
3,4.0,C,MUTUAL RIVADAVIA,0.06248160751861047,7369.0,15.156246340157528,453.40074468195064,478.37210018848754,444.77452160859264,83.27653577448538,651.6557817101103,154.85415789354263,2018-06,Transporte Público Pasajeros,28.74
4,5.0,C,PROTECCIÓN MUTUAL,0.09824438413323867,12951.0,15.794529427849147,147.47461691471665,151.95655286715717,161.7154467241475,72.9128588440151,77.1345797911639,10.282481992169618,2018-06,Transporte Público Pasajeros,45.19
5,1.0,C,ARGOS MUTUAL,0.02141174198993087,4162.0,24.93405475585399,195.98418040415348,196.96053279867274,196.4841267074626,74.68607500851896,255.42256872637944,35.38498472596517,2018-03,Transporte Público Pasajeros,9.95
6,2.0,C,GARANTÍA MUTUAL,0.011605077406952484,1089.0,6.455395393443776,455.156085062083,455.156085062083,471.6828881858992,87.624972192522,513.288570184256,87.46124809266281,2018-03,Transporte Público Pasajeros,5.39
7,3.0,C,METROPOL MUTUOS,0.021383549239448303,3377.0,19.808525136925155,143.1567712569115,143.1567712569115,142.72702257307134,73.05784668067885,24.488678022604326,27.225448325418647,2018-03,Transporte Público Pasajeros,9.93
8,4.0,C,MUTUAL RIVADAVIA,0.0622354038937658,7353.0,15.595561247207796,441.80825853002716,467.74012026047734,428.5781743085397,82.49413795971174,627.6432742160833,98.54332041394167,2018-03,Transporte Público Pasajeros,28.91
9,5.0,C,PROTECCIÓN MUTUAL,0.0986292198837733,12955.0,17.06847504452053,138.36661887711244,142.94657820403796,153.3644422703135,71.35108448831873,45.79262974905534,7.2507123044181485,2018-03,Transporte Público Pasajeros,45.82
10,1.0,C,ARGOS MUTUAL,0.0212504646416531,4202.0,23.3862994089705,206.98157525574993,208.04077843521353,207.56565096537568,76.2551810626778,272.261579688678,24.3914518753997,2017-12,Transporte Público Pasajeros,10.08
11,2.0,C,GARANTÍA MUTUAL,0.011009312167757,1148.0,7.35562452753009,475.88006523011234,475.88006523011234,494.6404385827036,86.9917670709102,482.198574055945,73.391896347852,2017-12,Transporte Público Pasajeros,5.22
12,3.0,C,METROPOL MUTUOS,0.0202886131119527,3321.0,21.9616075203145,125.11611508707699,125.11611508707699,124.79450247802697,77.1591160283088,-13.3485989956688,0.0,2017-12,Transporte Público Pasajeros,9.63
13,4.0,C,MUTUAL RIVADAVIA,0.0621461116861901,7380.0,16.4534006282113,425.0530397823127,452.65359200810485,412.55835924360713,81.9504814049881,587.960029098687,133.865930380028,2017-12,Transporte Público Pasajeros,29.49
14,5.0,C,PROTECCIÓN MUTUAL,0.0960207780882635,13127.0,17.0454264477386,140.82593858053914,145.88943489385952,158.12096194048382,67.9475413649404,46.2349751491762,10.7120536953723,2017-12,Transporte Público Pasajeros,45.57
15,1.0,C,ARGOS MUTUAL,0.0207486598086425,4178.0,22.7103808150842,209.203240470726,210.335455396028,209.849776593248,76.9335589210834,275.597312883006,28.3029497335197,2017-09,Transporte Público Pasajeros,10.23
16,2.0,C,GARANTÍA MUTUAL,0.00977708189206213,1152.0,6.35894010562526,494.810623908181,494.810623908181,521.570406683966,86.9203252134441,471.246525256009,48.6797430004837,2017-09,Transporte Público Pasajeros,4.82
17,3.0,C,METROPOL MUTUOS,0.0182751325155345,3543.0,21.4542576452625,106.565971770936,106.565971770936,106.34700276055,77.1537542212891,-75.7311319067124,0.0,2017-09,Transporte Público Pasajeros,9.01
18,4.0,C,MUTUAL RIVADAVIA,0.0608861320693604,7373.0,14.4502006814628,427.628035564159,456.244877513686,416.536948836274,84.4714508101417,587.654841685012,93.6670698441661,2017-09,Transporte Público Pasajeros,30.01
19,5.0,C,PROTECCIÓN MUTUAL,0.0931695571808683,13372.0,17.8171491788917,132.595655217637,137.551108230959,150.21165971237,68.1715308043592,32.8859363180272,6.48726290133565,2017-09,Transporte Público Pasajeros,45.93
20,1.0,C,ARGOS MUTUAL,0.0196070281731086,3877.0,24.4078398991578,213.804079831211,215.012418389705,214.694972952295,75.1653508620596,144.842542156751,27.0006829158179,2017-06,Transporte Público Pasajeros,11.08
21,2.0,C,GARANTÍA MUTUAL,0.00800029785121756,1150.0,6.14187218551123,515.270583934184,517.501843296032,526.951301955105,91.2885868292069,450.40401169122,74.0877754102058,2017-06,Transporte Público Pasajeros,4.52
22,3.0,C,METROPOL MUTUOS,0.0259291866050889,3639.0,24.024184621673,105.69420244478,105.69420244478,102.396712775778,74.7867093701203,1.80433545728961,192.807192717982,2017-06,Transporte Público Pasajeros,14.65
23,4.0,C,MUTUAL RIVADAVIA,0.0397841319200323,7384.0,12.7528720258667,439.794097316717,470.12398308194,439.542576653457,86.3350322275396,596.023441352736,97.4051347648102,2017-06,Transporte Público Pasajeros,22.48
24,5.0,C,PROTECCIÓN MUTUAL,0.0836458775165091,13407.0,18.8688225587409,138.418197158426,143.812615169498,157.782113327741,67.2328855100482,51.8075274194985,7.77735223306929,2017-06,Transporte Público Pasajeros,47.27
25,1.0,C,ARGOS MUTUAL,0.0190366853185109,3554.0,26.315537635613,217.779517369189,219.05354001211,218.753269416965,73.2881295844478,161.555987465525,33.3544466081393,2017-03,Transporte Público Pasajeros,11.35
26,2.0,C,GARANTÍA MUTUAL,0.00794686491646721,1110.0,6.25372187267851,494.936127323393,497.260142531038,496.293241780357,92.7491925161075,400.282310956028,95.1423779304362,2017-03,Transporte Público Pasajeros,4.74
27,3.0,C,METROPOL MUTUOS,0.0267921950361754,3650.0,24.7714448599535,114.681232936597,114.681232936597,110.590822592881,73.5785749996916,1.01188120393871,0.0,2017-03,Transporte Público Pasajeros,15.97
28,4.0,C,MUTUAL RIVADAVIA,0.0358882001863063,7371.0,11.0457428807996,450.153913261804,481.714823019913,453.739134590032,87.9159528593945,585.28397518684,100.751276253903,2017-03,Transporte Público Pasajeros,21.4
29,5.0,C,PROTECCIÓN MUTUAL,0.0780542355545904,13387.0,25.0515436849533,130.437278476792,135.188835509088,151.654529457839,60.060180600263,48.5555086106664,10.5320922253408,2017-03,Transporte Público Pasajeros,46.54
30,1.0,C,ARGOS MUTUAL,0.0190038917103433,3840.0,19.7464113966598,234.767713529616,236.129310362434,235.811458866041,79.8309895311332,204.205115187174,32.6271899897722,2016-12,Transporte Público Pasajeros,11.98
31,2.0,C,GARANTÍA MUTUAL,0.00829066439720057,1145.0,6.37660752635959,490.332733382825,492.69684889906,491.5863879106,92.1317758335849,376.757692195988,75.9536240198891,2016-12,Transporte Público Pasajeros,5.23
32,3.0,C,METROPOL MUTUOS,0.0250153841660373,3765.0,28.368512891836,107.81376081103,107.81376081103,107.634652863705,70.4885329513418,-33.1470311938114,363.516291755524,2016-12,Transporte Público Pasajeros,15.77
33,4.0,C,MUTUAL RIVADAVIA,0.0367481803082166,7352.0,11.5438010042593,460.056139705134,490.863162166803,457.891634194546,87.5623129169196,598.361684456346,96.0240049178676,2016-12,Transporte Público Pasajeros,23.17
34,5.0,C,PROTECCIÓN MUTUAL,0.069576327727493,13385.0,22.7558543095156,132.676494070497,137.875488583773,156.705083674659,62.5485585464733,4.54490663769457,13.2139526869034,2016-12,Transporte Público Pasajeros,43.86
35,128.0,C,ARGOS MUTUAL ,0.0179580175017374,3571.0,17.3382195628609,249.433502969259,250.917206502264,250.550945598774,81.5490543481155,673.857690247203,43.6338992423809,2016-09,Transporte Público Pasajeros,11.47
36,129.0,C,GARANTÍA MUTUAL ,0.00794877492017777,1161.0,5.17516935863046,495.220562215799,497.680076661635,495.961528750719,93.6709518240777,415.680287125484,73.5497589748212,2016-09,Transporte Público Pasajeros,5.08
37,130.0,C,METROPOL MUTUOS,0.0261898034839675,3677.0,32.056699443179,105.283610232147,105.283610232147,108.050520664246,65.7744846600129,3.57812829956698,0.0,2016-09,Transporte Público Pasajeros,16.72
38,131.0,C,MUTUAL RIVADAVIA ,0.0402614680765239,7296.0,10.481415754122,490.379924580565,516.52630831902,471.303471396398,88.4037645099187,629.504399253141,121.004346559346,2016-09,Transporte Público Pasajeros,25.71
39,132.0,C,PROTECCIÓN MUTUAL ,0.0642394836254581,13507.0,24.0224382332193,142.059967348927,147.690166462789,168.399617775901,60.1909868694905,32.6712691613425,17.4434303447808,2016-09,Transporte Público Pasajeros,41.02
40,1.0,C,ARGOS MUTUAL ,0.0213992565632799,3564.0,13.8504077835856,277.343294604532,278.97105786832,278.715365051105,83.6915513845414,748.632448179216,26.8290412371775,2016-06,Transporte Público Pasajeros,13.08
41,2.0,C,GARANTÍA MUTUAL ,0.00778405212650307,1158.0,6.66206726948431,498.05455799887,500.674403053196,499.21605311631,92.250540732197,0.0,89.8150105016951,2016-06,Transporte Público Pasajeros,4.76
42,3.0,C,METROPOL MUTUOS,0.0293345824365803,3864.0,31.1163196107383,110.17858353361,110.17858353361,113.018918298989,66.7622355538808,7.58722013822012,0.0,2016-06,Transporte Público Pasajeros,17.94
43,4.0,C,MUTUAL RIVADAVIA ,0.044393498221982,7161.0,10.1807445663046,475.702592083895,494.882547803265,459.107172848662,88.7563049119323,0.0,136.339596487268,2016-06,Transporte Público Pasajeros,27.14
44,5.0,C,PROTECCIÓN MUTUAL ,0.0606467501136212,13470.0,28.1965404053924,136.848287143813,143.072594888128,167.2292910702,55.6665229986146,28.6147422065114,54.9663966905546,2016-06,Transporte Público Pasajeros,37.08
45,1.0,C,ARGOS MUTUAL ,0.0223025316719093,3535.0,14.6683472584759,299.113581513107,300.949045457955,300.736170596843,81.459721957695,856.152882916806,70.9739093970162,2016-03,Transporte Público Pasajeros,13.31
46,2.0,C,GARANTÍA MUTUAL ,0.00766439146822384,1166.0,7.10597241773753,484.596575929115,486.076178555303,484.819439093752,91.8420033016397,0.0,91.6776214583929,2016-03,Transporte Público Pasajeros,4.57
47,3.0,C,METROPOL MUTUOS,0.0303172184316401,3873.0,36.8673830068696,100.418317820561,100.418317820561,100.753891430735,61.009157778844,164.897936539676,230.316483758007,2016-03,Transporte Público Pasajeros,18.09
48,4.0,C,MUTUAL RIVADAVIA ,0.0468639611252712,6996.0,11.9866365093065,450.321742599291,462.887526032456,421.821917477609,86.7093644501835,944.381096009397,267.053804192809,2016-03,Transporte Público Pasajeros,27.97
49,5.0,C,PROTECCIÓN MUTUAL ,0.0604013239963406,13548.0,32.1130721062791,133.835729184951,141.232649140974,156.411507850902,55.072535034334,32.5691416048072,21.4567598542377,2016-03,Transporte Público Pasajeros,36.05
50,1.0,C,ARGOS MUTUAL ,0.0229784044223055,3490.0,6.15700362245768,291.182244955531,293.231676006321,293.001051100081,92.2559250749618,732.873389807784,44.2290855679316,2015-12,Transporte Público Pasajeros,13.05
51,2.0,C,GARANTÍA MUTUAL ,0.00754717695921894,1175.0,11.5543368094418,451.85423309681,453.455654872144,452.502877767842,87.4668965930156,0.0,81.1436188583761,2015-12,Transporte Público Pasajeros,4.28
52,3.0,C,METROPOL MUTUOS,0.0307461882352976,4078.0,36.6722576558848,98.8402531612318,98.8402531612318,99.1872120594569,62.157067006178,138.30548324625,316.422540233806,2015-12,Transporte Público Pasajeros,17.46
53,4.0,C,MUTUAL RIVADAVIA ,0.0530444323135107,6958.0,15.2225766089287,412.634499730536,419.15087282495,371.960276244518,82.8219201397888,886.487291549873,100.913074982917,2015-12,Transporte Público Pasajeros,30.11
54,5.0,C,PROTECCIÓN MUTUAL ,0.0618280736613256,13726.0,45.5033028771438,101.29877796985,108.979536845896,125.660722775009,41.3624664024076,98.1460096581399,12.28612012951,2015-12,Transporte Público Pasajeros,35.1
55,1.0,C,ARGOS MUTUAL ,0.0220096914159459,3398.0,6.1715437660764,157.856822227801,159.112824004109,159.063089006132,93.1559719706619,359.293355319314,40.266377922234,2015-09,Transporte Público Pasajeros,12.77
56,2.0,C,GARANTÍA MUTUAL ,0.00720588071279231,1175.0,12.2491234285655,407.307945376524,409.058091104611,408.295733758333,86.5873086312763,0.0,171.888391841223,2015-09,Transporte Público Pasajeros,4.18
57,3.0,C,METROPOL MUTUOS,0.0294298178671952,4070.0,30.1968039484226,108.54912039898,108.54912039898,108.998572396505,68.6485573049722,129.138436764911,0.0,2015-09,Transporte Público Pasajeros,17.08
58,4.0,C,MUTUAL RIVADAVIA ,0.0531966837974966,6747.0,15.2393038910701,368.727128542508,375.676350303765,338.315355762658,82.5798814047326,754.594341993288,108.475179099516,2015-09,Transporte Público Pasajeros,30.87
59,5.0,C,PROTECCIÓN MUTUAL ,0.0604605027668051,13767.0,52.9464217761144,96.7982346787653,98.649500814979,100.349111313076,41.276062568281,67.661976542756,12.0724877013771,2015-09,Transporte Público Pasajeros,35.09
60,1.0,C,ARGOS MUTUAL ,0.0202123912453605,3372.0,7.65379292647715,283.008616046646,285.550104184179,285.332974539707,89.3224374963896,764.365523503388,35.0902263945576,2015-06,Transporte Público Pasajeros,11.31
61,2.0,C,GARANTÍA MUTUAL ,0.00606996945218162,1152.0,12.4449436462828,428.011229750638,429.967470868664,429.445072946479,86.1497631753874,998.003529651862,111.015294784545,2015-06,Transporte Público Pasajeros,3.4
62,3.0,C,METROPOL MUTUOS,0.0248582136651249,3942.0,32.42316688213,103.326450641895,103.326450641895,103.827841783593,66.5412079972134,104.544907951665,0.0,2015-06,Transporte Público Pasajeros,13.91
63,4.0,C,MUTUAL RIVADAVIA ,0.0554656191959853,6690.0,17.2436182647746,338.835199113733,346.261584992869,320.013437517882,81.1601715160813,689.915372669412,93.0729321301047,2015-06,Transporte Público Pasajeros,31.04
64,5.0,C,PROTECCIÓN MUTUAL ,0.0720964234394605,13748.0,53.0877609151431,102.572113989103,104.539091918051,106.139237164385,39.5477504251953,135.69408186684,17.7591961786346,2015-06,Transporte Público Pasajeros,40.34
65,1.0,C,ARGOS MUTUAL ,0.0194669642121516,3893.0,7.77942918075692,322.219186760012,325.140754976426,324.864384493676,90.1932143598123,614.080622910589,76.6232881769259,2015-03,Transporte Público Pasajeros,10.59
66,2.0,C,GARANTÍA MUTUAL ,0.00560417888140948,1125.0,12.6512849603716,452.397300640584,454.600070365661,454.452513075136,85.8708227406581,824.236638828469,93.0867907475923,2015-03,Transporte Público Pasajeros,3.05
67,3.0,C,METROPOL MUTUOS,0.023407917534614,3960.0,34.1335216037354,102.330844378678,102.330844378678,102.868896994891,64.5339727054601,128.093333462255,205.415824055365,2015-03,Transporte Público Pasajeros,12.74
68,4.0,C,MUTUAL RIVADAVIA ,0.0585815969574468,6588.0,18.7089335649517,329.568696573537,337.365561801326,305.597851462791,77.7211209005379,670.896002202684,137.976185766823,2015-03,Transporte Público Pasajeros,31.88
69,5.0,C,PROTECCIÓN MUTUAL ,0.076710926463803,13622.0,54.0973725155777,106.549593913182,108.55629424846,109.613998854252,37.940203644659,34.9493592033688,10.9139184437662,2015-03,Transporte Público Pasajeros,41.74
70,1.0,C,ARGOS MUTUAL ,0.0184758311836458,3806.0,3.31251702433766,316.107588582242,319.057210179825,318.804207329091,96.0502605661528,500.41435471900195,48.5580580987092,2014-12,Transporte Público Pasajeros,9.75
71,2.0,C,GARANTÍA MUTUAL ,0.00566880893863806,1126.0,12.2056534529035,457.070248983635,459.436189407556,459.760754618809,86.0880256681548,810.2542271444005,63.4117602462687,2014-12,Transporte Público Pasajeros,2.99
72,3.0,C,METROPOL MUTUOS,0.0217465339357278,4050.0,36.969956777203,97.234035328244,97.234035328244,97.8180667807501,60.8526499671735,109.43989488894931,0.0,2014-12,Transporte Público Pasajeros,11.47
73,4.0,C,MUTUAL RIVADAVIA ,0.0676023965154495,6573.0,23.8347397506129,302.874151536902,311.028958699147,271.138171760588,72.3857834150603,588.6806706394443,124.361553733008,2014-12,Transporte Público Pasajeros,35.66
74,5.0,C,PROTECCIÓN MUTUAL ,0.0760604034473544,13442.0,58.6693746360161,102.45909049737,104.543694242906,106.232047202747,32.1202461646364,176.5484058720229,11.8925960629016,2014-12,Transporte Público Pasajeros,40.13
75,126.0,C,ARGOS MUTUAL ,0.0185815909201821,3203.0,3.00419889553947,305.393228093394,308.316536594013,308.117080719523,96.0181250298851,562.76602370049,51.297691096343,2014-09,Transporte Público Pasajeros,10.63
76,127.0,C,GARANTÍA MUTUAL ,0.00538056341575926,1116.0,11.2309943427645,483.540132787161,486.091260855678,486.434192608917,87.5630430795865,797.650203786864,132.037620218382,2014-09,Transporte Público Pasajeros,3.08
77,128.0,C,METROPOL MUTUOS,0.017345072669991,4080.0,36.6289843412079,105.917910861123,105.917910861123,106.58130089954,62.5607442879184,184.260937139059,0.0,2014-09,Transporte Público Pasajeros,9.93
78,129.0,C,MUTUAL RIVADAVIA ,0.0625320048565756,6486.0,19.8158022770462,303.906222796769,312.635186897053,282.22763311657,77.5883361182289,588.249898755244,111.551545815827,2014-09,Transporte Público Pasajeros,35.78
79,130.0,C,PROTECCIÓN MUTUAL ,0.0709178362264572,13252.0,46.8374651429068,114.287075805211,116.543625680435,118.420736854869,42.7616458784642,174.736722810943,20.5431999416357,2014-09,Transporte Público Pasajeros,40.58
80,1.0,C,ARGOS MUTUAL ,0.0183163133294009,3170.0,3.49292134078925,288.722166978015,291.817006428458,291.617081611334,95.8513530169778,516.047351378577,50.8362465561924,2014-06,Transporte Público Pasajeros,9.29
81,2.0,C,GARANTÍA MUTUAL ,0.00548411552949347,1105.0,11.0001595149669,478.149081295414,480.904262528024,481.519793210559,87.3179570318114,756.837532171739,169.528787927812,2014-06,Transporte Público Pasajeros,2.78
82,3.0,C,METROPOL MUTUOS,0.012023514198247,3987.0,39.6935791871409,103.892572512298,103.892572512298,104.641995684224,59.368652913325,181.939235437574,0.0,2014-06,Transporte Público Pasajeros,6.1
83,4.0,C,MUTUAL RIVADAVIA ,0.0566236692665533,6810.0,20.1268630100585,274.553583600745,283.824257145461,262.060497369492,75.9079806119003,506.01633630816,100.895438940946,2014-06,Transporte Público Pasajeros,28.71
84,5.0,C,PROTECCIÓN MUTUAL ,0.104767120338059,13211.0,46.5358501400317,118.093970530531,120.456982421736,121.044544928235,44.4916695946191,161.228604260102,21.550384002418,2014-06,Transporte Público Pasajeros,53.12
85,125.0,C,ARGOS MUTUAL ,0.0170226558474605,3096.0,3.3126941921461,289.193269270627,292.484706036648,292.40397303443,95.0890036644836,490.093754819053,84.5349967294794,2014-03,Transporte Público Pasajeros,8.81
86,126.0,C,GARANTÍA MUTUAL ,0.00548863299512959,1116.0,10.7228982489808,474.548958278779,477.444653124667,478.358157752022,87.6901070605031,722.271345892013,320.944127084696,2014-03,Transporte Público Pasajeros,2.84
87,127.0,C,METROPOL MUTUOS,0.010602419698232,4050.0,40.9571091255157,107.782743599428,107.782743599428,108.606342594267,57.0938334485354,184.37711625143,993.648207495475,2014-03,Transporte Público Pasajeros,5.49
88,128.0,C,MUTUAL RIVADAVIA ,0.0566112078095463,6836.0,20.8185815294825,256.932280167528,266.668287734088,244.499706952386,76.3154913098951,461.899277446276,87.0374289258811,2014-03,Transporte Público Pasajeros,29.3
89,129.0,C,PROTECCIÓN MUTUAL ,0.103477196730196,13100.0,42.9829738159163,125.822134095792,128.351669795708,129.405909536222,47.8562489070115,192.28986400594,28.5887940905121,2014-03,Transporte Público Pasajeros,53.56
90,1.0,C,ARGOS MUTUAL ,0.0161113783008137,3058.0,3.61151950962556,270.091312074533,273.555239005925,273.424200300883,95.6858215893816,397.272739730555,48.6162083045546,2013-12,Transporte Público Pasajeros,8.19
91,2.0,C,GARANTÍA MUTUAL ,0.00569751288643375,1133.0,11.9680576052527,421.176131685897,424.141162090026,425.806747471222,86.7043168263237,608.386856559355,116.273637892104,2013-12,Transporte Público Pasajeros,2.9
92,3.0,C,METROPOL MUTUOS,0.0100078533303618,4004.0,42.6038714974569,107.398424816929,107.398424816929,108.309047723319,55.8059816350789,266.214042280132,0.0,2013-12,Transporte Público Pasajeros,5.09
93,4.0,C,MUTUAL RIVADAVIA ,0.0613951155272377,6889.0,25.9734921244986,217.305102434981,227.395120421345,203.791251379803,70.9082726290231,361.499337843409,72.320996411746,2013-12,Transporte Público Pasajeros,31.2
94,5.0,C,PROTECCIÓN MUTUAL ,0.103579056839295,13068.0,47.5059952732835,114.435027887532,117.11594558886,118.919769312157,44.0046853232122,179.385728683914,25.472156065298,2013-12,Transporte Público Pasajeros,52.63
95,1.0,C,ARGOS MUTUAL ,0.0142251122854994,2985.0,3.04489884776838,271.835529751417,275.51420946635,275.401771029705,96.1003258944889,352.700888564578,49.93906219,2013-09,Transporte Público Pasajeros,7.58
96,2.0,C,GARANTÍA MUTUAL ,0.00594019618915615,1028.0,13.3895780738858,395.719298793595,398.738870738855,400.470757543657,84.9322317088802,573.570854645265,108.445118,2013-09,Transporte Público Pasajeros,3.17
97,3.0,C,METROPOL MUTUOS,0.0101364042787788,3865.0,40.0540533388071,111.156439387149,111.156439387149,112.066409374717,58.0326693745167,277.220929626078,0.0,2013-09,Transporte Público Pasajeros,5.4
98,4.0,C,MUTUAL RIVADAVIA ,0.0576943903979859,6912.0,25.3557158068707,218.769414587761,218.769414587761,200.874529033375,71.4672166667861,331.761124954373,68.76751363,2013-09,Transporte Público Pasajeros,30.74
99,5.0,C,PROTECCIÓN MUTUAL ,0.0996820695613726,13021.0,48.1655223939566,111.427150159692,114.250351202594,116.540999183991,41.7815696725258,170.398173232521,25.15786225,2013-09,Transporte Público Pasajeros,53.11
100,1.0,C,ARGOS MUTUAL ,0.0138195885847886,2929.0,3.20723708387414,271.868707573481,275.722379436846,275.601475058902,96.275337683851,312.711157593054,94.7371882586365,2013-06,Transporte Público Pasajeros,6.15
101,2.0,C,GARANTÍA MUTUAL ,0.0065953355171149,1023.0,12.7248137692745,390.909773983262,394.089324276218,395.870195761535,85.2210306689889,514.239090239631,24.1248020612089,2013-06,Transporte Público Pasajeros,2.94
102,3.0,C,METROPOL MUTUOS,0.0127288251728731,3874.0,36.7267204691356,118.884430012485,118.884430012485,119.830898443353,62.3607451476371,241.665308816468,714.129979149916,2013-06,Transporte Público Pasajeros,5.67
103,4.0,C,MUTUAL RIVADAVIA ,0.0576400924581039,6734.0,29.4405123799794,197.597191954213,197.597191954213,184.009812338621,67.8619914842692,297.119582000903,59.4962697682853,2013-06,Transporte Público Pasajeros,25.65
104,5.0,C,PROTECCIÓN MUTUAL ,0.133893450012153,12903.0,48.8467518061369,102.550574043903,105.386135462979,107.717079690356,41.6587559201855,160.133165178277,11.153853620952,2013-06,Transporte Público Pasajeros,59.59
105,1.0,C,ARGOS MUTUAL ,0.012804002,2854.0,3.500547687,265.2493011,269.295314,269.2039467,96.03563759,271.4749207,319.6932965,2013-03,Transporte Público Pasajeros,5.57
106,2.0,C,GARANTÍA MUTUAL ,0.006440861,1012.0,12.40619467,399.6749641,403.0525053,404.3154491,85.64984813,510.8701565,215.1314494,2013-03,Transporte Público Pasajeros,2.8
107,3.0,C,METROPOL MUTUOS,0.012800476,4198.0,38.87043468,117.718333,117.718333,118.7120053,58.7839079,245.5499795,88.40421857,2013-03,Transporte Público Pasajeros,5.57
108,4.0,C,MUTUAL RIVADAVIA ,0.05863785,6525.0,29.79299104,195.2969457,195.2969457,180.0179057,66.11406204,284.0483584,51.74628103,2013-03,Transporte Público Pasajeros,25.51
109,5.0,C,PROTECCIÓN MUTUAL ,0.139136615,12625.0,50.43468407,102.679168,105.7532691,107.7317982,39.47970219,143.5748746,20.00529082,2013-03,Transporte Público Pasajeros,60.54
110,1.0,C,ARGOS MUTUAL ,0.0131667020858174,2787.0,3.33958663336336,282.99640203012,287.418300002081,287.06412997405903,96.0131425963582,259.87683683591,228.5099954431391,2012-12,Transporte Público Pasajeros,5.56
111,2.0,C,GARANTÍA MUTUAL ,0.00660178918158982,1260.0,12.5762545908246,509.928256072596,514.522469617384,517.23616479142,85.4224151930043,503.504106467525,190.650898693127,2012-12,Transporte Público Pasajeros,2.79
112,3.0,C,METROPOL MUTUOS,0.013511914041883,4189.0,40.5821763861843,110.167026151941,110.167026151941,111.183326202968,58.6797992916802,224.449848424598,118.11614425860904,2012-12,Transporte Público Pasajeros,5.71
113,4.0,C,MUTUAL RIVADAVIA ,0.0644101076113568,6514.0,31.4985464419259,184.33827791831,184.33827791831,165.269759492373,64.609784273702,219.731596130029,51.34595855082782,2012-12,Transporte Público Pasajeros,27.22
114,5.0,C,PROTECCIÓN MUTUAL ,0.138976846619615,12552.0,51.0762113234317,102.697282912828,106.045813885412,108.703258109899,37.9132749811651,119.011679523852,31.335201886703445,2012-12,Transporte Público Pasajeros,58.72
115,1.0,C,ARGOS MUTUAL ,0.0137735926563329,2676.0,3.44301931797277,289.472205821953,294.321992287306,294.1740624989,95.911689294409,334.205806344887,58.5010684943211,2012-09,Transporte Público Pasajeros,5.95
116,2.0,C,GARANTÍA MUTUAL ,0.00673617476334343,1254.0,13.0377853821368,484.37226071567,488.990570808237,491.454084338684,84.8833873219165,483.962042362016,142.36192313355,2012-09,Transporte Público Pasajeros,2.91
117,3.0,C,METROPOL MUTUOS,0.0136023774582011,4084.0,38.5238064010044,116.54906984472,116.54906984472,117.530378426263,57.3770786815133,199.751500001415,127.84566866647,2012-09,Transporte Público Pasajeros,5.88
118,4.0,C,MUTUAL RIVADAVIA ,0.0607726948632405,6387.0,35.3388897452695,159.061956909393,159.061956909393,144.716631637387,59.6912600767076,188.832461825128,41.3315786724785,2012-09,Transporte Público Pasajeros,26.27
119,5.0,C,PROTECCIÓN MUTUAL ,0.136446011364297,12310.0,50.3741572352451,103.064790137167,106.560277468172,109.124257125774,39.3605650599982,122.548827619138,23.6172007677287,2012-09,Transporte Público Pasajeros,58.98
120,1.0,C,ARGOS MUTUAL ,0.0143982879243752,2617,4.01658682152525,260.674213169297,265.523999634649,265.420531413997,95.1999170219611,261.282268977833,106.60293243749206,2012-06,Transporte Público Pasajeros,6.47
121,2.0,C,GARANTÍA MUTUAL ,0.00792533964277583,1232,12.3211780626349,460.039850256492,464.68225689684,467.250749439074,85.2361113790642,452.105818385578,182.47915980296833,2012-06,Transporte Público Pasajeros,3.56
122,3.0,C,METROPOL MUTUOS,0.0153291761706603,3967,39.4389486761678,110.108861302406,110.108861302406,111.144002825623,59.7283023850135,358.840713782452,177.11129228153277,2012-06,Transporte Público Pasajeros,6.88
123,4.0,C,MUTUAL RIVADAVIA ,0.0632864333572345,6421,33.0490561151866,154.357187782821,154.357187782821,141.326648898324,62.1233237531234,205.329112319466,36.74286041494556,2012-06,Transporte Público Pasajeros,28.42
124,5.0,C,PROTECCIÓN MUTUAL ,0.121741377236549,12155,47.120008970286,106.066149394814,109.806263405004,113.649660952672,42.8742236604189,162.684107674707,36.88117212550147,2012-06,Transporte Público Pasajeros,54.67
125,1.0,C,ARGOS MUTUAL ,0.0145277678754133,2597,4.22155164009177,241.524049523748,246.591769092173,246.494878581094,94.0615916003271,198.561541577928,269.50462673304685,2012-03,Transporte Público Pasajeros,6.58
126,2.0,C,GARANTÍA MUTUAL ,0.0078837425505539,1235,12.2001422952286,442.180569843194,446.847073031321,449.487968716159,85.2152182343057,0.0,696.0207146133849,2012-03,Transporte Público Pasajeros,3.57
127,3.0,C,METROPOL MUTUOS,0.0154997871933869,3861,40.846397308009,107.679777436169,107.679777436169,108.768648851064,58.2321472895436,639.207886806323,300.6509349713029,2012-03,Transporte Público Pasajeros,7.02
128,4.0,C,MUTUAL RIVADAVIA ,0.0637369230118777,6378,37.0885231671759,137.236441255041,137.236441255041,125.139069594676,47.5226648982014,230.655372987755,32.29858777523658,2012-03,Transporte Público Pasajeros,28.86
129,5.0,C,PROTECCIÓN MUTUAL ,0.119235029706544,12109,44.5643650977874,112.657794431789,116.550918103106,120.416444660594,44.6500626102165,299.476096900359,29.008244225037842,2012-03,Transporte Público Pasajeros,53.98
